-5.790459843686028,-37.26665271418818,31.675371399794628,0.18416418590771855,1526581578.102677
-6.3743290377623625,-30.304892424353657,35.13036848144187,3.231527911674789,1526581578.148826
-6.2885415024364235,-31.303949432683744,32.48463491496751,1.987901274742228,1526581578.176368
-6.485846673371412,-27.635668063876572,33.28829234476903,2.056456300759521,1526581578.210605
-3.32956220774844,-2.2453275400122976,41.25723930608923,-13.914462287861028,1526581578.284052
-11.522109958188684,-20.642662179735318,22.955301620715414,-2.93265222681228,1526581578.4733
-10.556922236285294,-25.039191462592207,18.312873935711572,-6.118641201159534,1526581578.507978
-11.647465631233288,-6.671714869611977,27.739506317388376,-6.496048507548068,1526581578.544944
-11.723786009821662,-9.193320775833042,27.168649613349928,-6.308705033001473,1526581578.593077
-13.330112171697328,-25.988579470847426,12.186619360182227,-4.042488498418123,1526581578.608081
-12.8132935858603,-10.95797900255295,24.59643158882836,-4.144338924638475,1526581578.648063
-12.36800328837209,-12.583928011133032,24.84622271259574,-6.62386043438255,1526581578.672619
-13.183966974035695,-12.757027085953418,25.686071803711407,-5.403557898845946,1526581578.71702
-14.708216088791657,-26.022686899099917,10.370278201810134,-2.862841124436926,1526581578.747096
-14.733408063455979,-27.387653819676963,9.962778045264974,-2.5493195463574523,1526581578.785911
-12.89238380354148,-28.0747035760063,10.086381423043703,-6.716783470521079,1526581578.816373
-15.14878686722882,-27.272982789221597,9.995902303524382,-2.412795527178787,1526581578.854835
-12.4329287762612,-16.704666112834378,24.057786907040544,-9.476718029721212,1526581578.879784
-12.676827726323117,-16.484545788522578,24.421895403445866,-9.358935946768668,1526581578.914061
-13.907443448661835,-14.048633166498227,25.432831984505114,-5.7561759486687265,1526581578.943552
-16.380790102457045,-27.716379647096144,11.535468413940913,-0.3368272970034525,1526581578.992536
-14.260126694126697,-14.307011637318801,25.10898106806478,-6.935763459674007,1526581579.017275
-17.0157195094977,-17.420607894202696,21.734294183244412,0.6665632007103,1526581579.049718
-15.381799374938671,-22.113343165042675,20.77263607356862,-4.744302288919499,1526581579.079012
-14.883544562005667,-12.08627464207876,30.922575588800257,-8.916151515920149,1526581579.122592
-18.44754875250327,-25.634879439381553,20.301661817665114,0.8160420371943644,1526581579.154842
-14.048002786380922,-14.100818535303196,33.444173424142605,-8.967286227072464,1526581579.256413
-21.198805706365313,-24.585392210968237,24.744173387418172,2.6687760654670853,1526581579.347746
-21.361024447621183,-25.893804566812072,23.469261687421646,3.434518171549911,1526581579.478972
-19.20959120475975,-21.22566020425586,25.03430724033579,2.7166272589789457,1526581579.685952
-21.386788031966635,-18.111592135543127,25.065863955721497,9.667896563743028,1526581579.717455
-19.819301688502033,-21.24261333082541,23.838405290141967,2.8183743389896563,1526581579.768857
-19.466482258145714,-15.243587457698268,24.0328750336656,3.9077748715774305,1526581579.812633
-18.334184341967813,-22.341350159558413,22.68194301444432,-1.0804487090355508,1526581579.818248
-19.594969054586425,-22.715719370781414,21.848865037393807,3.5452318647595575,1526581579.850205
-18.435975190771217,-22.127435107459867,22.200664808258907,-0.1978216505871444,1526581579.883176
-15.609152401260138,-11.302378724185084,31.734654794351496,-8.82730307415656,1526581579.951274
-16.366456199859172,-10.397709833614886,30.363925533607308,-7.059377125439795,1526581579.98395
-19.85176352164256,-21.27257706432416,21.717942572916805,2.984101113527231,1526581580.050142
-15.977767544894693,-11.251406970967805,31.404167887781476,-8.130827179973437,1526581580.120971
-19.517800743651033,-21.17556295018829,22.511124962005287,3.0120058714101106,1526581580.190534
-16.9193580438553,-10.419142697043185,32.37629062238848,-7.683380017681827,1526581580.317928
-20.13584152941701,-19.02583696999036,25.73997095539414,1.3245713288173704,1526581580.390924
-19.596425551390784,-23.934517296150148,23.55129619729919,-0.3852985481539406,1526581580.450926
-23.061700272515402,-20.08118190803261,25.77779475297441,6.490889908509871,1526581580.524834
-22.150065100474503,-25.263836304118954,24.217248271619535,3.8563184647064475,1526581580.560894
-21.727418482844453,-25.25553731304308,25.050218086717603,3.8549523114938324,1526581580.592942
-18.911075896509107,-17.317475193090168,38.95260440089217,-11.0365516794528,1526581580.821583
-25.343634833281293,-31.741571747823365,27.084680661901658,0.09048727041226812,1526581580.888269
-23.61649027283512,-12.975826939396562,42.105814788572744,-2.8311823394736564,1526581580.935942
-24.379949428356344,-36.3781825859773,26.465978171957335,-2.3202578213732465,1526581580.970411
-25.04419386010044,-34.58115879473703,28.908618208856474,-0.22752919010150663,1526581581.008023
-23.835627529504112,-32.46008199447979,32.99995326146674,-1.5722425842289454,1526581581.037527
-25.370542053729455,-35.29761171555112,32.19233116601783,-0.750798284147578,1526581581.091715
-26.3812839604198,-7.719004782788037,48.69966192928601,1.2741954785286964,1526581581.127168
-23.34389643995892,-37.5485100887649,33.27989045418321,-6.489971219230142,1526581581.165493
-12.054041583103636,-41.63926716573184,32.618482284616704,-1.9841935964995514,1526581582.031569
-12.017759916052974,-41.62672906845104,31.95022609498205,-1.7816488887542619,1526581582.067075
-5.836284184849696,-19.506875447948754,48.4305984694067,-14.134226502772663,1526581582.130654
-5.673682468908728,-20.08462696309016,47.8900111864176,-14.335057523857273,1526581582.167438
-6.0922106105903975,-21.394515887084776,44.72442345070313,-15.084182549330222,1526581582.335475
-7.375877931143724,-22.21187021226855,43.418459189013944,-12.011551674048462,1526581582.436299
-7.754424873979127,-22.510832863066994,42.99965678004359,-11.876539313886752,1526581582.478393
-8.936685830627734,-23.0150396910995,42.4785518651947,-11.25757525186188,1526581582.506604
-17.546075006533957,-36.079732138381246,27.705858095811514,2.6242383489381496,1526581582.603065
-17.822771998245805,-40.20812568191253,25.004986100667324,0.740246423864221,1526581582.712885
-19.7151610214162,-39.51216985196203,26.171190983529552,3.7781961260315597,1526581582.751506
-15.643189092578133,-15.271647078366232,49.62467593341708,-6.9997254519208525,1526581582.96926
-17.486501767251937,-40.54478533296523,30.911136739777234,-3.0755450231229133,1526581583.013892
-17.16669942739324,-16.20622119314533,48.16186854280291,-3.62322372499969,1526581583.044216
23.126806985782682,-61.617595888915815,14.679637262630372,-48.442484675710716,1526581590.48923
23.74028289365033,-60.95331954766892,15.949394500561242,-49.40939233756299,1526581590.536515
22.660020787354366,-61.46976018822685,15.316343071727239,-48.12820819748504,1526581590.569649
21.659082791593608,-60.18533691938971,18.04327476614017,-47.88745351182811,1526581590.610071
23.419621230751524,-60.376398541493046,18.995007513781086,-48.77183220218126,1526581590.635734
21.3621103346567,-59.556795839162,20.13676827414275,-47.65526176588884,1526581590.669416
21.587978358374823,-59.100914992430596,21.772816674450006,-48.05301284482721,1526581590.687546
18.865626069237866,-58.97633053692075,23.618615986642244,-45.92154101312542,1526581590.738295
17.86585005352456,-55.88529692889142,24.211468571405725,-47.40742378533787,1526581590.770239
16.590724148615152,-58.80493277922825,24.1892938046097,-44.456650884428626,1526581590.790153
14.096724902976202,-58.1906698426621,24.843376764707415,-42.4235300617469,1526581590.828229
13.183301499245973,-58.16258406624287,25.12182681574312,-41.7909829086656,1526581590.864147
10.837575223284821,-57.55201718857552,24.747112496048267,-40.267896655555006,1526581590.899898
11.057444682474953,-57.55119186453579,24.35700521094568,-40.328331778828385,1526581590.929658
7.921661365484265,-56.64126466774584,24.865286097272254,-37.95078449099498,1526581590.965142
9.20115710057015,-56.17996477001662,25.3363903827369,-39.050607090521254,1526581591.001298
5.698463211754002,-55.27519847763201,25.2310903662719,-36.493514583365254,1526581591.061928
0.9431554528128792,-53.28257993825464,23.282903994262902,-33.15575727366968,1526581591.096969
2.1151079549790155,-53.83819019978215,23.603861485038152,-33.84688932646577,1526581591.134128
-0.6208941840157971,-51.771224948596625,23.275643499001262,-32.13005062725901,1526581591.164537
-1.3484725152144432,-50.66111271410944,22.71926986330886,-32.15206191692164,1526581591.211611
-0.7977898420498228,-50.868597316858235,22.230891269502145,-32.46506880279384,1526581591.234291
-4.037791642006254,-49.185022609336094,19.82778606288716,-30.19973866087139,1526581591.264785
-5.203523590842882,-47.03896040783453,22.387664012315245,-29.611497831874146,1526581591.298951
-5.743172399921456,-46.562863669049364,19.94667849656105,-29.524477209433172,1526581591.33809
-6.098663416694854,-45.20934457768806,19.802598082263945,-29.630901774199828,1526581591.367165
-10.315599757147051,-41.962730158878436,20.087669730473987,-26.0942843260934,1526581591.40338
-7.7357534723512655,-42.482629116272015,19.87550691252975,-28.993168268783563,1526581591.451556
-8.819711565370216,-41.87071120042944,17.20520133891104,-28.793070882369108,1526581591.482084
-11.191433074882099,-39.58184197759524,18.64935729261532,-26.469248604221065,1526581591.505624
-13.683555206493578,-37.11347023904024,15.7127764353032,-24.557793428351744,1526581591.5346
-12.463019817270158,-37.22427891868622,16.36261210832443,-26.321744497641475,1526581591.572862
-13.227210095309655,-36.04017484239688,15.657519880775826,-26.577616142686423,1526581591.602877
-14.91897823201212,-34.322799804913735,14.627395443241562,-24.84334587385672,1526581591.629942
-15.61765665269204,-32.95046741345038,14.089740641241367,-25.12775946101752,1526581591.662604
-14.60261020656869,-32.25764992427608,13.659661552958804,-28.262429019819137,1526581591.736737
-19.574105532432235,-26.98311549541577,13.524180297388671,-21.76629791034844,1526581591.763011
-17.922934815929192,-28.24040613922551,13.23644887280968,-25.364168793710803,1526581591.797921
-21.1614079921637,-23.556794810699948,13.211754892778618,-21.96006183179881,1526581591.831002
-20.49160602991722,-24.558733132159453,12.24306930399115,-23.739606759709062,1526581591.870183
-24.218703502801286,-18.10926925843222,12.975932666554368,-17.798920737405467,1526581591.91
-22.446076912665315,-21.523521368602303,12.465967694349937,-21.722756923225603,1526581591.942356
-22.959924140629294,-20.856000941091956,11.246729385154895,-22.095288115969566,1526581591.967701
-21.819654572578006,-21.50931530972412,12.64623208145046,-25.797932145770858,1526581592.007579
-25.29619584182809,-15.489441760874229,12.02540108068331,-20.115402752729892,1526581592.042371
-28.10463796072342,-7.329782973043956,13.141569206848919,-20.70136337822953,1526581592.07114
-27.887358177470635,-8.898604870856348,12.231469480959813,-15.167605739314041,1526581592.102945
-25.150855604350074,-16.420660270406007,11.836577974727664,-24.320601554594873,1526581592.21018
-28.614404832093594,-6.3956666790358145,13.145627654051804,-14.743936825229383,1526581592.241865
-28.250496286211877,-8.571102811568375,12.993550346891153,-17.812978848657394,1526581592.27113
-28.624768400740706,-7.236455457073658,13.331725239582507,-16.39154005556057,1526581592.309972
-28.611829100569764,-7.246692806095304,13.540333843335656,-16.396903556971722,1526581592.346556
-27.616109823345614,-10.775723297759395,13.151050502717855,-20.625121416348236,1526581592.369849
-28.117947635843343,-9.042825014669779,14.144956520392846,-21.027168268889568,1526581592.40742
-27.414859396255515,-10.551203364357217,14.232961056985427,-22.45099232647405,1526581592.455316
-28.361338217636312,-7.618921659711926,14.729145443394119,-16.4651935918057,1526581592.494
-29.29604723498049,-2.0963501767110624,16.25521249549043,-12.271652037822037,1526581592.577506
-28.049211701864703,-7.684336441295663,16.38444623354083,-16.547100614367565,1526581592.61155
-27.990274570849063,-7.351366442273304,16.8534086897634,-16.566003187365965,1526581592.644992
-27.904990985441394,-7.105654346988796,17.999465577119448,-15.88145399794925,1526581592.708843
-27.99231383504937,-5.604698198701379,18.99695956242745,-12.262958008411289,1526581592.758953
-28.109994626685882,-8.609309246419176,17.855701557358742,-11.438875721781244,1526581592.79479
-29.49831513801124,-0.3313544647380165,21.25655009687418,-16.61191255342797,1526581592.844672
-28.17838522631584,-4.157314714523894,22.325938680723453,-11.991552868670851,1526581592.854652
-29.63398168056706,-0.32675322297458975,22.550028527492653,-16.59002110796726,1526581592.872407
-26.719936931270286,-12.089819948525621,20.955459336826607,-15.15629951042601,1526581592.915213
-26.05843730884781,-14.149169358279108,21.362340084654694,-19.41490835159206,1526581592.951027
-27.95919111208859,-7.97852940882633,23.929648737117727,-18.892918924272095,1526581592.978074
-24.06742685468095,-18.72236324280948,22.492538024998495,-22.897958448508746,1526581593.012306
-25.351867273147175,-16.206364877048934,23.77253849469936,-19.0260530329644,1526581593.043309
-25.12559416453383,-18.17487318181853,24.05736386957023,-19.12936066391501,1526581593.082696
-24.053906581459277,-19.128666318024855,25.767050867818824,-20.569345038265624,1526581593.11698
-25.943401225099095,-18.553706721062916,25.296455055738157,-15.356149575511438,1526581593.148513
-24.298976931954893,-22.011352663799656,26.083734310116462,-18.89105549206394,1526581593.181023
-25.289366171993425,-20.220250337886004,27.601013283460148,-16.090266852562365,1526581593.211653
-24.509558623452758,-22.852076937656417,28.058101398357365,-15.423262488665756,1526581593.239016
-24.591837469493186,-22.288654747930764,29.6512853752765,-16.433350953010518,1526581593.278764
-22.660161829345377,-27.938166490031897,29.201796167923526,-18.941701269335454,1526581593.313927
-23.751583397448897,-28.553483721520205,29.32597390986339,-15.780488410272426,1526581593.355114
-21.882368004670255,-29.317044922581445,31.846121459100132,-19.767058355457948,1526581593.382201
-24.49679263583059,-31.02304412659743,29.635732109726337,-13.404766486764288,1526581593.415403
-23.034082873214192,-33.112350507240066,30.82684738539494,-16.203998091704847,1526581593.453436
-21.239983483023902,-35.285022965174356,32.010922796242966,-19.00138162547327,1526581593.486171
-23.59496423937104,-35.94345296220996,30.680735409174762,-14.362944893134454,1526581593.517783
-21.75689763901685,-39.799998157878996,30.112489970610437,-16.71375728452645,1526581593.555467
-20.42440363376545,-39.24843042013415,33.00849748673411,-19.332207345879795,1526581593.584997
-21.353885569423163,-38.88909806734617,33.769976836983766,-17.509020891641455,1526581593.622484
-20.907300822085183,-41.72222074574156,32.442689336905474,-17.639859101198027,1526581593.650057
-20.376590977626268,-44.44571511160368,30.91921722969701,-17.900019432597162,1526581593.680273
-19.352283130515374,-44.98551816118422,31.767107874573103,-18.099437456475044,1526581593.711578
-21.77084831955628,-47.331714863776554,28.770921463592305,-11.901741535000468,1526581594.652663
-23.69289386707053,-44.999612341371225,27.55538568003538,-8.743135139554369,1526581594.757558
-24.572323459106283,-43.27440559007088,27.151543751138668,-7.998107184778036,1526581594.790553
-24.483670684610388,-38.77312829915535,31.29856518091551,-8.2772946193856,1526581594.824748
-25.669148757936004,-39.10267097659478,28.518236558396623,-5.923975366800306,1526581594.862185
-24.760574687434968,-32.42807856100633,33.71636310629127,-7.335091256355014,1526581594.887982
-25.746887032648083,-39.73216725880438,25.200415383552055,-3.828108535931193,1526581594.922155
-26.56008409806975,-33.098339765246415,29.21546383304414,-3.1119480995974698,1526581594.953934
-28.111451436527204,-34.235104511632585,24.99375733165118,-0.8776384618138309,1526581595.007869
-25.92591663405017,-25.89361767537227,31.357679196747583,-3.599084407806771,1526581595.041241
-27.638926176263286,-31.12023983971402,25.91620292234343,-0.7355345175645596,1526581595.077093
-27.633116766940258,-28.796119550373344,25.79491040774571,0.3751983348429917,1526581595.101561
-26.062181755107247,-29.756170402092547,22.44523893955238,-1.522901800559822,1526581595.153525
-26.041403702144528,-29.659037961317647,21.214862249831956,-1.2991370548728582,1526581595.189728
-26.73689445135282,-28.333232490501565,15.054414465152917,-0.3738569864644603,1526581595.289366
-25.428184835674326,-13.386992696813953,28.212275340046617,-2.7572067414447474,1526581595.330314
-25.63550757440493,-12.225754317995674,27.484246989328817,-0.870038206401091,1526581595.361314
-26.15717890061934,-23.646012568324526,14.43033422300304,1.8943612736464672,1526581595.40451
-26.2363215467149,-20.64528700191486,14.98981340787625,2.2233228019906335,1526581595.436575
-24.58960414456863,-19.60952259919478,11.522896759513069,0.37379511607156246,1526581595.536162
-23.72303136618292,-20.783611684024546,8.637200058322737,-2.426531563546007,1526581595.571993
-23.814923181453395,-20.764410835295795,5.300391379192147,-2.149875728895779,1526581595.601757
-23.744148621864312,-17.785548642571012,7.641662556079496,-0.6847479693698801,1526581595.645381
-22.06679737085123,-13.860790545081542,12.937214538616887,-6.7925329495024585,1526581595.677057
-21.876148516952316,-14.011092207973638,13.974333723181871,-5.310734887663472,1526581595.701871
-21.667242955712194,-14.235572586617227,12.866702175798531,-4.771993166454564,1526581595.740901
-22.157645533483866,-13.295318589134617,11.679898916390883,-2.3352596177850273,1526581595.785104
-22.076857332220833,-5.9714730465088515,7.4567620632677905,-2.2548510511245183,1526581595.815361
-21.58953889019747,-18.505057985616055,-2.9775988532162843,-2.1090722528419974,1526581595.832561
-21.152025179042415,-16.90524688418299,-1.935924699680669,-2.4996728832236386,1526581595.866017
-20.309369908834753,-14.540443805995578,5.802677730419317,-4.981021875536214,1526581595.894753
-19.793256588420668,-17.559711184715532,8.571587791605879,-4.772187990735631,1526581595.93053
-19.861932952803414,-16.603898665099447,4.988353393855022,-3.775510111507998,1526581595.963378
-19.32048548712282,-15.296375232969103,2.7096138594476527,-4.589819065676409,1526581595.995726
-18.495480160323506,-20.871069210650862,6.797728149766928,-5.188397805150487,1526581596.035372
-17.921611234340265,-20.221701985789537,3.671217353733847,-6.41703243424584,1526581596.061906
-18.169494037607322,-18.364776905047737,1.2260309295988412,-4.788117625948274,1526581596.108108
-19.08841564732814,-15.063166294286724,-11.962999274729693,-0.014349967158096888,1526581596.147417
-17.6799799762224,-14.723935002675052,-11.677498279631864,-2.7279951346329483,1526581596.198351
-16.584190962492716,-9.412260659058488,-13.346969910646635,-4.599871590855969,1526581596.227975
-16.068604871879455,-21.83010856717119,-2.8064119898579873,-5.4713965578995385,1526581596.270766
-15.678971192824331,-21.841970125394514,-5.003405987812219,-6.4986894226327365,1526581596.297189
-15.422118590832705,-25.787506441360456,-2.7903215024730024,-6.022664015380599,1526581596.334029
-16.55855155360899,-19.169712369009915,-19.12649761687338,-2.581316925124554,1526581596.369923
-14.506290953629563,-26.048907714808287,-6.299615811650719,-6.9650719895822135,1526581596.404469
-14.976981352673265,-27.793772118669164,-5.351700648317954,-5.07053721156646,1526581596.439587
-14.327946247750123,-19.66203293341629,-20.893602141798908,-5.833950029708831,1526581596.474445
-14.459384319545922,-29.954862073773473,-4.29353894898894,-4.680246591791246,1526581596.501019
-13.402005089047924,-30.42817023654746,-5.542774630376702,-6.8242673996676615,1526581596.538026
-12.923708482729937,-30.180966775745976,-8.343986406370956,-7.511332435493131,1526581596.572067
-12.879702234278106,-30.296889589264374,-8.494590673028398,-7.728043379989344,1526581596.606035
-12.528781365364042,-34.03065962064551,-5.905882331548056,-7.114120971015495,1526581596.638283
-12.012634455675489,-34.24805973361316,-6.159283141507188,-7.734779129560877,1526581596.669499
-12.98066666665854,-31.38843757669617,-10.838838648954159,-5.340300317866507,1526581596.708149
-13.118495388067446,-22.952308048438727,-27.70629408399038,-3.9192207978940417,1526581596.740674
-11.477847470416245,-37.44050760854551,-6.107151848746419,-7.425131972989448,1526581596.80509
-12.83810077382966,-24.721807696552606,-26.483371025482278,-3.963869839215988,1526581596.814261
-11.723774170556435,-37.02216671045898,-8.108120355614531,-5.918696454798862,1526581596.837281
-11.940006269950667,-36.947455286848886,-8.191548312129013,-5.275550433236759,1526581596.879639
-10.40484600277154,-38.86271684822174,-8.764017843272548,-7.694894999183276,1526581596.918379
-11.522222604642838,-38.04051013464041,-10.415573491977096,-5.842200103861273,1526581596.9395
-11.475414734890306,-39.94306622382348,-7.192684922586253,-5.4349768460730274,1526581596.983671
-13.032116638236852,-30.131131747225055,-24.748868170393855,-2.333838744746828,1526581597.003298
-13.94095355681116,-30.160133791265658,-26.340437719187964,-0.666607252567502,1526581597.050989
-10.459173846922377,-39.408623717568474,-9.910856580368776,-6.554199244814612,1526581597.085377
-9.421957007759387,-43.2876762676091,-3.881493862215182,-7.715585959560713,1526581597.12047
-11.716959145053671,-31.535936692360654,-27.0127929038114,-3.9868283281093113,1526581597.162018
-10.412859683410769,-42.70256996599771,-4.590285554850304,-6.256100552871118,1526581597.198527
-9.785617017159668,-35.050790831578986,-26.65216059022069,-6.944770010834759,1526581597.272509
-11.045668529458037,-35.42496183433014,-27.51843725096321,-4.630291472867839,1526581597.311829
-10.379023820119919,-44.841908858217096,2.184271487222089,-6.012498030048846,1526581597.343839
-9.139985432862964,-36.29065151753,-24.546066501999633,-7.515720129345084,1526581597.372271
-10.803208578378696,-37.26866405946465,-22.04024764899558,-5.453792280534998,1526581597.410036
-9.308686399132895,-44.646231827887405,3.3304918294645685,-7.458431975096829,1526581597.449436
-8.713488508991873,-43.652955822327215,0.9391535571454313,-8.298154815963613,1526581597.480317
-9.558926762020283,-44.26573257407267,5.143307110574735,-7.091067958196248,1526581597.511304
-9.840646307397504,-40.57071016866922,-8.080486320954543,-7.262422640871222,1526581597.549965
-7.8910262097679835,-44.298682723029486,6.407150392781693,-9.878809501945284,1526581597.594174
-8.134387755748731,-44.049396063417234,7.441072661447301,-9.572505173238795,1526581597.632952
-9.246885635002693,-42.757819912985084,6.8808060725462,-9.344185064524765,1526581597.773005
-15.473413497166229,-42.5327344267271,-7.126660575063548,-1.113308067668953,1526581597.813713
-10.353954124453375,-41.24873422347774,16.223880296279525,-8.20341798184407,1526581597.848357
-10.371365396910765,-41.136518826645364,13.965524236988106,-8.657670462250877,1526581597.900569
-14.299576292864133,-43.40366651229944,-4.364638534206568,-3.6834594937056977,1526581597.938406
-11.659652310534824,-39.668253684161066,20.102226993334,-7.409015141647529,1526581597.964384
-13.885346188740641,-42.88109059593876,-1.597025797278783,-4.947700424334187,1526581597.995888
-16.00181778005078,-40.80465876512367,4.2895623896860435,-2.482635258478865,1526581598.034182
-15.062617200529843,-43.04851690713578,1.0454273635291944,-4.094389509081367,1526581598.059839
-11.866790357939587,-36.25592365359574,27.966673284202088,-9.076724833839364,1526581598.09433
-16.86778058285967,-37.539290653124255,3.328770980012811,-2.334736289344505,1526581598.115814
-17.998796326336667,-41.075812363407564,7.082279302225039,-1.2660128876279089,1526581598.154956
-17.793978432633605,-41.765940778356565,5.234363474644137,-1.9936709924806735,1526581598.187207
-13.374265616077455,-33.236046369672515,29.45101312394904,-9.311241675094863,1526581598.22004
-16.87831667402055,-29.86032799014535,29.53664913758464,-4.218930425795094,1526581598.255148
-15.520522711046713,-30.96992137994404,29.992262116290973,-6.633717917138625,1526581598.292437
-19.58833943054427,-35.5601108211096,17.761778298932967,-0.18808696266651737,1526581598.319077
-21.46105320474495,-38.35468500429349,12.906858755395017,1.129704973228712,1526581598.349108
-20.60702187861697,-35.225494420823914,19.61808811400651,-0.152247064552256,1526581598.388393
-16.80832887741295,-27.266502187968356,32.07371127012763,-6.1032418642694495,1526581598.423961
-18.03162282049272,-25.027284358866062,33.967225272039705,-5.407503667190326,1526581598.463005
-17.167760677852982,-24.775344071203456,35.15587419482971,-6.657852934596178,1526581598.4856
-22.647961321659285,-33.46594783185011,22.282243001398857,3.007940631612371,1526581598.514593
-16.11646023680769,-25.082146966473612,35.664135616618296,-9.928726065261884,1526581598.551776
-19.52029269036781,-20.931303292505845,35.31173565382898,-3.084916261502883,1526581598.589554
-18.52583216537066,-23.629126326157508,34.90995631864873,-6.208525900282467,1526581598.615549
-20.01160975663661,-20.078716918814067,36.43923821480979,-2.663130754036132,1526581598.652313
-18.108201725402356,-21.561475144854732,37.45934323283083,-8.413728778295024,1526581598.688877
-21.702458653878974,-28.19098395740419,29.162429613735,0.35083293922863845,1526581598.713993
-17.939631593808183,-19.84258919317651,37.81485711073902,-9.041471756565414,1526581598.747996
-21.75520561162418,-28.078003758242005,29.796842836953637,0.15064737507097448,1526581598.794777
-18.777324524913507,-20.36001702523958,37.54730855477279,-6.6440137992279915,1526581598.821909
-18.044385838488882,-19.426711855654165,37.51819667962326,-8.055930159604856,1526581598.923696
-19.021909925501877,-16.472898619383784,38.9679551731791,-5.883792078577983,1526581599.03316
-20.3798124157603,-15.365059315803991,37.62428750502904,-2.1612399868649277,1526581599.063403
-21.348075837893273,-24.808875096104018,30.30817959690042,0.3090297646683666,1526581599.095781
-20.740977400571644,-33.60661356418234,23.605123737285055,-1.4006968432246651,1526581599.131685
-18.98199356774364,-27.88831173420632,28.267203913960213,-4.617264216513121,1526581599.160826
-18.83420217740255,-27.92647657712451,27.85742573617943,-4.573370286909636,1526581599.196883
-18.683596888874842,-27.968382434858476,27.44454521078192,-4.536113110788989,1526581599.22197
-20.937836085231307,-25.301126499201295,28.14898066205461,0.7925926339828209,1526581599.25449
-19.62690073639794,-30.76120257695179,24.192389164496078,-1.3901117253026598,1526581599.290637
-18.055866327505623,-28.163145777974545,25.76747837534263,-4.446044415147469,1526581599.323224
-17.90932058606929,-28.21558499095121,25.143156507974446,-4.413372471571648,1526581599.357687
-20.078264886082913,-26.019000016024272,25.493468280214124,0.9759750168402377,1526581599.391722
-20.679912504784543,-29.8003796132889,22.157468674161937,2.3786709772847416,1526581599.421635
-18.815099006370804,-30.916165797603863,20.57262722038529,-0.49212397390903106,1526581599.453797
-19.307730771123282,-26.59843379019083,23.064046444806237,0.9893266677039492,1526581599.482398
-16.52974630349941,-18.35269757869812,34.540154282468656,-4.096138080237694,1526581599.518999
-17.54164156882413,-37.753958230021496,11.505376548643033,-2.0456917589469015,1526581599.573967
-16.15875458777057,-33.644426268412204,15.370714132989127,-3.48443537175055,1526581599.591936
-15.829265476331011,-38.227830692774866,8.215194731646719,-4.220021482829111,1526581599.623702
-16.24146212305944,-37.53540233049421,8.43594338201887,-2.3459484617316946,1526581599.658445
-14.638279776737352,-31.21809324954411,15.331290197826897,-3.8614996957436176,1526581599.695385
-13.37285003794795,-24.438124312519385,28.017734470149314,-6.028952112591014,1526581599.723529
-11.763855123487193,-26.503955477428207,23.990885534157357,-8.179524141636108,1526581599.761984
-11.591481797862906,-26.2289029648271,29.56407111388313,-7.625221183975043,1526581599.792515
-13.020528866933413,-36.900553529031825,3.450013367593259,-4.491191277449303,1526581599.822477
-13.325590714663427,-39.384808312429556,-2.2723913949147256,-3.4393459675685563,1526581599.858832
-10.661629988832484,-36.8962481129641,2.2375544451342293,-6.908654881736425,1526581599.894852
-12.382897039796394,-37.68548994576568,-2.5380661906150372,-3.6974057799889977,1526581599.942202
-9.625997615107098,-36.754303081915864,-1.1662392345971142,-7.271332350637238,1526581599.974132
-10.613628018536717,-35.903464283859456,-0.6154983069045583,-4.603302905948851,1526581600.005941
-8.46692270298685,-36.15675030822698,-0.45402815723103096,-7.628105484575229,1526581600.040077
-9.392486204954837,-37.18881125105552,-3.959499171049411,-5.110560661709144,1526581600.081916
-7.835413030843336,-33.488057745354375,16.722185040537305,-6.774612423681589,1526581600.104443
-5.816479295514286,-37.66296113075749,14.684736704337006,-6.4658022789812435,1526581600.259223
-4.14862048050825,-39.95654048343719,12.67493573997444,-8.461986693064205,1526581600.293929
-5.1837631206266765,-38.488186041287584,6.6021902047871635,-6.309742749378955,1526581600.325927
-4.588121684457675,-39.912568010231645,8.529279592804313,-6.574272656287974,1526581600.369094
-2.6900601326717144,-40.670583126597975,5.856372742527437,-8.799121949480934,1526581600.398466
-3.251544317610952,-39.55346612507017,2.4735685561070513,-7.654242153835526,1526581600.426585
-2.849705971376932,-42.20633352223859,7.427904797573474,-7.934892943627915,1526581600.462004
-1.2549466769119153,-42.918498547569726,1.848609055447696,-9.62011834948919,1526581600.494039
-1.9836035016743605,-44.47643047043945,5.00273142803908,-7.807574540899225,1526581600.530693
-1.7825517121520562,-44.96569687138033,1.0526745937904227,-8.055481289931407,1526581600.561606
2.275777170906963,-29.86024742246056,-31.065720531280206,-14.050047543517138,1526581600.627042
2.150655172467704,-27.99252492399799,-33.2470730958352,-12.623122200523767,1526581600.660392
2.2039331633867043,-24.545185811698346,-40.304964373628955,-13.312495519096586,1526581600.763642
-0.981197250199132,-45.60857120643259,-12.220293315994898,-7.103473385625705,1526581600.828906
-1.221757586744136,-45.79055410856152,-13.470170953804145,-6.686117670462096,1526581600.876337
3.038432936613385,-24.392192138188314,-43.06439441176213,-14.456109382380845,1526581600.933988
-3.413826186986679,-43.75172460865275,-21.44112972077059,-3.897387980635841,1526581601.010979
-1.4168882431343697,-42.389626071807605,-22.071038244295224,-7.415441216808887,1526581601.040628
-3.2131479880202223,-48.33340920537085,-17.12491185411406,-5.230780784981675,1526581601.065763
-3.9836898256448015,-49.363852160410005,-17.547613218343063,-5.057558991343029,1526581601.099183
-5.648138850586351,-47.086934125254345,-22.010928876403185,-4.57462773389733,1526581601.207215
-7.38331374481628,-42.73330160283146,-26.529672911771733,-3.5418437583180093,1526581601.300509
-7.482575008408889,-45.3354881921945,-23.981625729796654,-3.8695551782009545,1526581601.339029
-8.08450729997837,-45.643318431398114,-23.778898532625668,-3.8107589914273206,1526581601.366889
-8.739985881984884,-45.08968888914659,-24.354441386303215,-3.6247334520413403,1526581601.399913
-8.972665571973312,-43.97111847914145,-26.02066837616907,-4.77485124528701,1526581601.437336
-9.280650571907492,-43.895562823477086,-26.01541680810097,-5.264263529502699,1526581601.475186
-11.87305144133292,-41.59815551662676,-27.254645822465072,-2.906614609337197,1526581601.514789
-10.576694839069166,-45.55312222636506,-22.705140634055184,-5.1256356515247035,1526581601.547068
-11.573388284735039,-44.9448691079663,-22.97503835748233,-4.488266232672061,1526581601.579503
-12.037142507812199,-44.843799271731044,-22.78823651597816,-4.757309135672273,1526581601.612496
-12.818342160170891,-44.663537301115284,-22.51764103288427,-4.567070090052823,1526581601.649956
-10.972052537130404,-18.556054279090525,-45.75167311043104,-8.656813345082725,1526581601.682222
-14.414730699814596,-45.37713704227243,-19.234957171092116,-4.099351010905821,1526581601.729438
-15.717556904602564,-43.89748246764873,-20.985964604390404,-4.000599741658078,1526581601.75136
-15.949855266028845,-39.53801624307135,-24.349466743429204,-3.6528489070443584,1526581601.7731
-17.059458065483028,-42.300496762637685,-20.291254177699532,-3.2779010642125854,1526581601.808668
-15.335386930557858,-44.44567859574188,-18.854611214773634,-6.776390369009903,1526581601.845425
-18.632210503874052,-34.83784315384487,-20.906298185255324,-0.7635351612890418,1526581601.885583
-18.94929215639726,-40.008016273163285,-18.7676142158536,-2.6920716785663785,1526581601.925379
-17.72178317709082,-43.31851616456555,-14.475701937164963,-5.369196610603495,1526581601.956872
-19.839280056392262,-40.305146927029014,-15.383723356029499,-3.704114196404362,1526581601.997983
-21.210659528341626,-37.82860611671811,-16.111458923490336,-2.1982731960953004,1526581602.024058
-20.900268037305917,-39.79112523220583,-13.329699077101905,-3.679926265962763,1526581602.057577
-22.436017538226604,-33.04595133674067,-17.416721295281686,-1.799818039980721,1526581602.084709
-22.73411517525304,-35.07832608913432,-14.17215167477547,-3.0592998868813766,1526581602.119347
-24.125331605909555,-32.09858654060797,-15.205532165713239,-0.35083586198012995,1526581602.143362
-22.615013731212187,-37.82826024418038,-7.684674274895729,-3.8563457638028353,1526581602.17335
-23.073281024015728,-32.073035140122045,-11.864637612758065,-5.5405088018746085,1526581602.208709
-24.888387921330494,-34.236327179593864,-6.903037339459953,-1.8496234148188364,1526581602.246985
-24.69196324727288,-30.646548297328547,-9.381131761286225,-2.478095655036583,1526581602.278531
-26.058939444984762,-20.676873289008803,-24.42990007087571,0.1736678303458632,1526581602.305267
-25.9694033496219,-29.92745196785828,-4.581045314847768,-0.9134446996609995,1526581602.34279
-26.34786116290548,-27.775095789743123,-5.322398011355418,-1.2705418793707395,1526581602.375007
-26.617565892368372,-28.975420482650975,-1.14080414154658,-1.0713148182378234,1526581602.416391
-25.811262856409183,-26.40923164073836,-3.16844787536946,-3.979565869303457,1526581602.442012
-27.262569916935384,-24.653837260870993,-0.5551046272338267,-0.9929242773415581,1526581602.475658
-26.034741416530572,-24.435991844433033,-1.1164005724479358,-3.8460518462852633,1526581602.519849
-27.808189892718183,-22.040431042197813,-1.0146319623095232,0.4132093751553043,1526581602.547898
-26.875947993840914,-22.917555118451432,1.841807184073105,-1.9007857735794857,1526581602.577891
-27.040086104001514,-22.42916360982411,3.41284270917804,-1.5379156003192804,1526581602.616265
-27.02829658908861,-22.877330290460765,7.715800262271839,-1.236898171950628,1526581602.648833
-25.97336628986711,-22.472843535290604,8.64646254152818,-3.9351402852622357,1526581602.683175
-27.74043676085747,-19.768901373676503,0.2693971260879824,1.1838345349646033,1526581602.721434
-27.4167363458696,-20.281449450593673,1.8964617359628217,0.7475351652879567,1526581602.771717
-25.773816444687817,-18.24047463665555,16.624790381934297,-1.7334401535105997,1526581602.810876
-25.458888330966015,-23.079230235154647,5.100728899650113,-1.5452865412764538,1526581602.849721
-24.913113296403452,-23.673216754552282,6.637197554930541,-1.9152541313373774,1526581602.88353
-24.104551442947937,-24.52427548731881,8.249421423330908,-2.9482070784073073,1526581602.912957
-24.444768269809256,-21.980565358095912,11.459384888305493,-0.3183116273062012,1526581602.947207
-22.614729771305257,-14.785139864809882,20.847442185600205,-5.182601855689256,1526581602.978475
-23.168074882726472,-11.627398530887625,21.622417779474276,-3.4579761464420358,1526581603.014082
-21.51450042985058,-27.309160028502127,12.701158229795631,-3.3143973350559293,1526581603.047363
-22.105499139073242,-21.55653954550258,17.609433099151566,-1.54277942304455,1526581603.083271
-19.5422802170163,-18.667430541764137,23.167964538342567,-9.020696788052447,1526581603.121907
-17.72072899231512,-6.358277011227239,32.98380873942382,-4.283177696080969,1526581603.216809
-18.168152209054256,-19.686179228754536,27.088871546515062,-3.5956226168559056,1526581603.255921
-16.530936292657,-26.135200511226543,25.712912713640364,-4.094002144703808,1526581603.290279
-16.27264014358346,-22.720818554095363,28.894735435575356,-1.780027937812946,1526581603.326006
-14.751398607967902,-11.535956924201729,35.609893008962445,-7.963019979406425,1526581603.359602
-13.946732463740304,-22.052495453334792,32.30539660075801,-5.766697632485574,1526581603.408219
-13.796980929023325,-25.72096608847724,31.591169454338324,-3.3674407419032946,1526581603.44536
-10.568032071513775,-17.93285826782083,39.19456218118885,-9.317931575918777,1526581603.523048
-9.904567996011597,-18.32128384894719,39.93092186093748,-9.022411154538759,1526581603.550885
-10.0350429665155,-25.588526869612327,37.23295042984749,-7.001203284287101,1526581603.58749
1.1031263597302599,-53.47368257173833,26.424127146700794,-5.864977258384471,1526581604.490713
-0.31779960169859456,-48.721302467184955,31.630343467224844,-3.220110455830678,1526581604.528918
0.8473068607108505,-52.27192139320041,27.570366770561613,-4.8838040021129245,1526581604.562462
2.626083764188828,-46.47563960000738,32.15931466678133,-6.733266607199113,1526581604.616223
1.0841510001886538,-49.19355570459101,30.76307334798489,-5.653298062540927,1526581604.635097
1.985509698610826,-50.80861630070272,27.012196954009415,-6.170240248697809,1526581604.662877
9.183011768137703,-35.313674185384805,46.08072860622681,-15.377597540650754,1526581604.728399
7.1892660355867575,-49.794734435658874,27.33858046213466,-12.255194325642748,1526581604.762192
5.779161480840225,-54.121974519987106,20.71687122558691,-10.707242333449074,1526581604.828549
6.01564870730207,-52.186354948616994,21.560261539218025,-11.08731829755996,1526581604.865652
6.677257804436799,-52.92844462985099,20.505375977327112,-12.239896008160486,1526581604.89868
5.468416740278556,-57.54009291279336,10.502699841732767,-11.184378531092648,1526581604.930185
6.647941505631728,-42.15744283422255,41.19432776771154,-13.114441463260363,1526581604.960537
6.961238467610173,-47.90671252254097,29.614850243634574,-13.383368565951855,1526581605.009248
4.558376364257807,-45.96598271785446,35.671493791334306,-10.92363376836289,1526581605.035242
5.6513041236210375,-56.340998463360684,4.209294135856899,-12.25143331068378,1526581605.062277
9.368578190684877,-56.049486151437435,1.4123367644769012,-16.62075313246865,1526581605.091674
6.960518269568929,-55.827309263876245,-2.686795971861029,-14.628680965737175,1526581605.134228
5.6558735596435215,-54.942008310498665,-7.936590891866724,-14.287015587628531,1526581605.1933
10.283441090949632,-54.59469201365061,-10.680865498367217,-19.636031946133045,1526581605.233428
-13.39474325844126,-55.01485933319695,3.55192840432119,-1.3409236365743027,1526581605.499091
-14.301619551203682,-54.38556976300011,0.7836271285771694,-1.209018554924512,1526581605.532456
-18.71265820312759,-52.94456638277556,-4.270802936139905,2.694048402898858,1526581605.565658
-18.434558051170566,-54.23999635143243,-5.226913470404268,1.0564001911560865,1526581605.610234
-28.170950860238847,-49.51330497112673,-17.925328581066577,5.953323813981143,1526581605.765467
-29.10718132701932,-53.73276670138746,-13.682285412100155,4.511515353905082,1526581605.797891
-27.134416220299297,-53.337838489355555,-17.027102852349003,1.7740713094368061,1526581605.835218
-28.76593632775107,-51.213522150789714,-20.08645915685363,2.114750305709208,1526581605.875002
-26.517978088086952,-54.01758059072873,-17.44842271829256,-1.434498289598281,1526581605.899568
-30.804804377883663,-44.873123264454506,-24.40172607487098,-20.44217381192925,1526581606.401295
-32.99177016564762,-43.295434255192,-23.542082775229158,-17.67353144330221,1526581606.446569
-35.437129733778235,-40.20198817532706,-24.017860833628987,-17.312507798300402,1526581606.470732
-35.81624445896449,-40.732771640584474,-22.02023524537736,-15.664762092054076,1526581606.51751
-38.26975062613971,-37.09037607775299,-22.827489980780108,-16.58670307304706,1526581606.542167
-38.23285951284609,-36.99050195613806,-22.464873191648973,-14.44670116129842,1526581606.569913
-40.337193266695124,-33.364785978906426,-22.82749583933957,-17.105295577305554,1526581606.605938
-41.18694781657411,-30.228695928838277,-24.53100290403935,-14.779208846799122,1526581606.636964
-43.17836666530919,-29.204875250543207,-21.368648388418404,-14.590836046597701,1526581606.669994
-44.34482239175592,-26.129201120938138,-21.731746677782006,-14.037072810582202,1526581606.706495
-46.459924009408645,-21.51113619619972,-21.21708452735293,-11.061648140506605,1526581606.758388
-47.87262855946225,-18.14113997683867,-20.08304475249386,-10.350811569481806,1526581606.781156
-48.725584793697564,-13.986949561048718,-18.70168013369015,-8.331898427074094,1526581606.836175
-50.032077917467944,-8.48950435489801,-16.878957925801984,-1.9962181427397638,1526581606.878513
-49.43719359735708,-9.268450797785135,-16.295695252222565,-3.7073096328756776,1526581606.907709
-49.79370957909485,-6.6284198925294975,-14.656319916040783,-2.796747574728016,1526581606.940583
-48.277724868936104,5.685786128733628,-10.612257071611413,3.8010956741981943,1526581607.073081
-46.293129630737724,6.880020150463361,-7.2653492141348455,7.483844451665135,1526581607.144376
-45.29935472582905,8.786704347744575,-5.54088245262428,7.999073040334878,1526581607.195862
-44.53927017548774,12.372172718623073,-3.7168253289375457,5.463242195627004,1526581607.229359
-42.82225532495266,13.27091064026687,-2.527472800525825,8.24505627868649,1526581607.257592
-41.5524121071142,10.949686272350926,-0.8613990104927723,9.901281848421633,1526581607.284329
-40.531550886208755,8.645630902147397,0.8210176056402504,9.917701306498714,1526581607.31857
-39.78368757827801,8.76849261229254,4.099532598946913,2.3608148354264245,1526581607.360742
1.260134452316987,-29.145030817090873,40.50542971672172,-23.907088800085177,1526581611.909256
-1.2522997770355364,-33.23056553126398,42.640058126792745,-23.610548379335853,1526581611.970212
-2.7738686352699915,-31.859789397049354,45.71736759215642,-22.249429701804985,1526581612.024311
-19.66405511312496,-73.2052877673451,4.369218362043945,-11.838696672893946,1526581612.209915
-14.729948962834357,-72.14122927246703,13.916505756793983,-15.572211053661846,1526581612.246856
-11.644313345797354,-62.901062824471694,33.22128143748071,-15.646365086229764,1526581612.278178
-14.042235342564402,-58.34747695286344,37.407279720660185,-14.101698879254343,1526581612.314866
-16.74558631056574,-61.24647052369329,30.22607488151104,-12.707494200067089,1526581612.34944
-17.9949276536118,-58.985755373401005,32.10509739489662,-13.480302842428216,1526581612.377594
-30.0451512987468,-55.652497852788706,24.00067439459915,-3.2830189390847977,1526581612.484383
-32.82364917677112,-53.04184054076559,22.64483950415426,-0.11431534530584031,1526581612.51525
-32.750585823121284,-30.06251479977148,0.712003148961827,1.9859966129979512,1526581612.750816
-23.656906220130445,1.055730850700118,2.2017091425740807,-32.396170649514204,1526581612.981176
-6.842386224026968,22.52653462396298,-2.0679971698198623,32.17184261730145,1526581613.050214
-8.226701222960223,21.818331316284016,-2.0703552642679712,27.840015911602535,1526581613.090199
-23.88080942172558,5.858160347140811,-3.441656130095274,-32.211712726019016,1526581613.156468
-25.64598285429791,15.696653842766748,-4.103627471598183,-24.863169145329294,1526581613.187262
-25.289269567872793,10.652892958123845,-3.900112315330067,-28.356533840720516,1526581613.222829
-29.102287582147728,17.639670146728648,-3.7326464259395795,-25.89789460935242,1526581613.32206
-27.978142658797257,14.91313362302948,-4.647259616622831,-23.304221730523693,1526581613.359489
-26.670260188501345,11.382963409770786,-3.1406241330954376,-19.805007485524527,1526581613.391014
