-10.106204852940495,-6.709103199230391,25.76007720979189,-5.258012845520966,1526580992.745296
-12.48593166842428,-11.609129439997902,21.501016459838446,-3.7734629417031726,1526580992.771855
-12.901782044148007,-6.078838789327607,22.479089522517466,-1.728121771053452,1526580992.809751
-13.25995635282332,-10.766653343571829,19.802251903149035,-7.796378865668032,1526580992.844413
-13.576493242735982,-9.525021287696525,19.461403387313716,-5.615799494790565,1526580992.880562
-12.658815394547906,5.203847263052056,20.73514259232234,0.6614555117154737,1526580992.90898
-12.971651035121774,-9.181746334925332,18.917300982450744,-8.84684207614356,1526580992.940802
-12.539904347600432,-9.010172612075207,18.404297722101198,-5.589016263862277,1526580992.970493
-11.06164058723235,-9.86063828276719,18.04512831831153,-7.763458383826389,1526580993.005604
-10.074741080084117,-8.303729523682218,18.625821491537216,-8.902916986144334,1526580993.036365
-10.726725467774004,-6.334468006486018,16.335120197873742,-8.512996805542599,1526580993.140234
-10.27740327958539,1.6871686984108516,16.470976369871735,-8.070731034351752,1526580993.254027
-10.04951712477883,-11.357129830289413,11.430576935851219,-5.661496692993666,1526580993.274111
-9.94829707739157,-4.350429856550812,13.73483378013686,-7.897369875657148,1526580993.313692
-9.882003843317396,-6.235442486464635,12.602402946884405,-3.565158830629798,1526580993.380721
-9.427690754814215,-12.654092592866846,9.754712770596875,-7.612989298943489,1526580993.413535
-9.633884629323958,-1.8392084280997043,13.70488268706394,-9.950457442224234,1526580993.457564
-9.666395613073307,-2.374572070409976,14.266144377038433,-5.183131054332904,1526580993.543544
-9.27838554719793,-5.683181584356255,12.543410993670191,-8.680593972461992,1526580993.595716
-9.280840843666317,-5.672065924284291,12.333383776548867,-8.657943446654002,1526580993.624808
-9.033144022683183,-5.718685198517308,12.486413193707365,-8.562311159168331,1526580993.654264
-9.314616731640067,-2.7199041085403195,13.952047394691203,-6.5274010380103675,1526580993.683757
-9.314616731640067,-2.7199041085403195,13.952047394691203,-6.5274010380103675,1526580993.716318
-9.87250900010574,-8.708707794809474,11.074297481678483,-3.9535573247444518,1526580993.748446
-9.933530923707783,-4.700324564940233,13.427471115598742,-7.105664721809006,1526580993.78868
-10.31898618170676,-4.486238136942527,14.641792277703662,-8.117956986794155,1526580993.814552
-11.179449537856915,-8.663689664618731,10.920728234788852,-3.9289157001798856,1526580993.8593
-10.458276998843314,-11.491582975079574,10.358007327533585,-7.494738463951933,1526580993.918173
-11.402347235251998,-11.064078814147566,10.34543000395321,-1.52099084937592,1526580993.966432
-10.670879626355992,-11.452032284463838,10.365356728766965,-7.4322742023251465,1526580993.999161
-11.135801699162103,-3.470338767200278,12.469364655489448,-12.046098663877189,1526580994.049951
-10.887940698071953,-11.47820886697805,10.790744054974194,-7.399439333666038,1526580994.117899
-11.096601986281488,-5.06893692825059,12.328029225379495,-7.013886810741809,1526580994.150467
-11.10211434929403,-5.29044117268055,16.162954685036222,-2.668659280553726,1526580994.18861
-11.4105361345637,-4.626789814442054,14.948748060101451,-0.658200092586469,1526580994.217954
-10.67773956379355,-11.55071266480265,10.992317006784809,-7.47587114734884,1526580994.280854
-11.631718519772177,-5.337663393431635,15.967864407913714,-2.200324762645664,1526580994.288676
-11.227966379804945,-12.249575256890104,10.659756075414482,-7.498627934312822,1526580994.317406
-11.710808887146698,-14.052479914870771,9.952743228721953,-4.7927414771667145,1526580994.350834
-11.453111080063334,-4.485286731932458,17.725156384839675,-2.1315441994066475,1526580994.45016
-10.08176801253114,-14.506528286016602,13.381363286304055,-8.14786091625848,1526580994.557963
-11.352366043973904,3.1206044748484043,16.323369519924547,-0.416194221981101,1526580994.594873
-11.141265169803761,-4.395560461644059,19.474174208383207,-6.973929519836389,1526580994.639541
-9.531455880071404,-16.030729034098904,14.737037104933332,-10.0278285970588,1526580994.696505
-8.789184536204472,-12.97385309666714,17.359762208247204,-16.32773124628622,1526580994.730219
-10.292182532998982,-1.6092645961792904,23.133120716059768,-3.1251201610601242,1526580994.78726
-10.84460239799236,-12.786750339580058,19.361050156028583,-8.085084956853564,1526580994.830794
-12.64551855518251,-1.2568907166729684,23.82189513454539,-0.6815643710744439,1526580994.869396
-12.248944399012457,-1.0499098732883478,23.557699484575956,-0.5627715123153791,1526580994.905492
-11.025785500660295,-1.2808093066688393,24.719559701523913,-6.701746473779366,1526580994.929955
-11.133926650975477,-1.7619506402810998,24.78640076907501,-3.737225140993587,1526580994.960846
-11.260464816874467,-1.0204973011370502,25.060946923972747,-6.582699520566223,1526580994.990198
-11.495144907569303,-15.490615638885682,20.05485609372894,-8.426182784434843,1526580995.020272
-12.128913985675624,-17.290315992707463,19.219644616785327,-5.025994635063228,1526580995.055623
-12.021896121218328,-3.0390770379087098,25.806995687615284,-6.412617313100014,1526580995.092544
-12.071148696533822,-20.834194686497653,17.27274621129163,-5.4623231200975795,1526580995.126996
-12.642884529644332,-17.813134744000195,18.85362840799058,-3.1039284533361524,1526580995.157537
-12.482684015311982,-20.709277617568176,17.081694174052586,-5.329871967519438,1526580995.216318
-12.281365063748272,-4.386905849553992,26.54223995715502,-7.658662325787219,1526580995.257627
-12.408037911958003,-4.551465347348863,26.444208054922363,-8.090691752525203,1526580995.289494
-12.76664233740411,-5.119116655784856,25.92502837029641,-5.913638802323419,1526580995.320033
-12.910263675884815,-16.613317100075513,19.237857923140517,-7.527875804338549,1526580995.356203
-13.793403505396752,-5.445515570654743,25.057086041588928,-5.536317190085981,1526580995.401965
-13.383505000561893,-18.74384617015392,17.724542305446384,-7.658882108280437,1526580995.433409
-13.746837189826252,-21.371726713522722,15.553049954844193,-6.628008262811164,1526580995.466269
-14.165255770752387,-21.251852920543346,15.372640996330084,-6.494499778587652,1526580995.512199
-14.482405515885825,-19.863273102075837,17.049135707962993,-6.810613946274003,1526580995.543544
-14.900545702967268,-19.7739383157591,17.072423854324004,-6.694292185103848,1526580995.584533
-15.84098899631149,-7.5804182082449465,24.55915087146907,-5.221260570687747,1526580995.603974
-15.737880293659508,-19.608480522733363,17.3278152549234,-6.469684576747596,1526580995.626453
-16.15758555073172,-19.55141723637101,17.767006174939837,-6.371739036116622,1526580995.666828
-16.923319578076672,-8.57770257554653,26.170750243563056,-4.457513567153427,1526580995.699585
-17.36443998606228,-8.161572063516086,26.681197040100876,-4.239067699343963,1526580995.732129
-18.454062795748595,-19.249622491783025,18.803197920390136,-2.917449032539423,1526580995.765624
-18.872448380461904,-19.211833404772104,19.667690006710174,-2.834276638741386,1526580995.7969
-18.25384463668269,-19.335599881460894,21.41479886558793,-5.963240061029779,1526580995.841286
-20.537018086538797,-17.662836264414842,22.199868975425623,-0.1167224053916982,1526580995.865977
-20.94082599860183,-17.54856960260703,23.27896011730814,-0.07564210462945198,1526580995.901447
-21.337585240505874,-17.432955822762313,24.568044475745143,-0.07085787365025453,1526580995.937792
-20.261380444834117,-3.713528802086783,35.12464286068648,-4.661020363807239,1526580996.026626
-19.584654662154186,-7.349462568086032,35.79959726925664,-9.355536108289385,1526580996.065864
-22.803831379588615,-23.52945567560166,28.79269466513989,-1.8838700863384474,1526580996.099035
-22.277218065662296,-23.4872720470269,31.046602860295867,-1.7261613840277619,1526580996.127998
-21.073755415117077,-2.846211631067421,39.94669879401587,-6.4153086822568355,1526580996.162419
-22.42586723581545,-0.6071453555468036,43.884078582332776,-2.803416266009549,1526580996.268195
-21.173383586585075,-43.25149593090984,28.30078830885224,-0.37906307567808994,1526580998.042373
-22.066025118248024,-44.76729190676927,24.723332455528634,1.585872695928856,1526580998.114295
-20.256459799202883,-40.49378168159151,27.78333862124243,0.6067487774827498,1526580998.227643
-15.922936555986308,-19.32875792315669,46.04931173423347,-7.80221786863541,1526580998.26257
-18.464375670194006,-35.88247806681923,30.621801466359937,-1.7674406334542994,1526580998.28591
-18.768560401165942,-36.088204662090305,27.892729404472355,-0.9689284268955873,1526580998.354648
-19.111457988316474,-43.62099117836798,17.04212806771276,-0.8837022351989106,1526580998.398052
-14.975130557773767,-25.77733238600628,38.87717141519141,-7.7953127428023095,1526580998.429929
-18.21644681885272,-38.43580700740328,17.841577647716882,-0.6900125192839539,1526580998.451439
-18.139190354773092,-38.80401374212678,17.268333027871577,-1.7132508927608114,1526580998.484131
-17.40525527590734,-42.217963402908886,9.416852997860683,-2.3860339443456837,1526580998.519638
-18.69660027131039,-37.801896829636846,12.13959605537487,0.2995100958269745,1526580998.559392
-15.774955965924745,-40.53160598934377,5.023178262783707,-4.194644274224714,1526580998.61125
-16.273618460951024,-37.61400071417895,6.282040536189243,-3.710481740872808,1526580998.649975
-16.55628172678525,-34.29973679880857,4.8398137470159615,-3.5853604814416826,1526580998.690176
-16.588205006001207,-33.94633771921478,3.000968226996057,-3.4196423474370476,1526580998.725997
-15.446393886113619,-34.14317719977416,-0.48555461766450314,-5.376823502712597,1526580998.754293
-16.75414011090608,-31.394775183383974,-0.23735722657093827,-2.7229725718925977,1526580998.792289
-14.590984764231223,-28.538626137102177,14.711838955360651,-6.620112490934503,1526580998.828159
-16.249280192154224,-31.978925177245586,-6.676145636354794,-3.092290760076793,1526580998.858908
-15.307282849428459,-30.644006582151842,-6.895551319024041,-5.167376298853156,1526580998.887947
-15.36523498802854,-30.72982098966476,13.128837624121992,-5.438992245741048,1526580998.926269
-15.731810072735978,-30.286004025691152,-8.648250105457915,-5.0551296929710645,1526580998.952305
-17.294157354856107,-28.026526499953235,-7.337867567530583,-2.1141211945902683,1526580999.001784
-16.414328707753302,-27.6722792806109,9.671556302951789,-4.306401198793139,1526580999.031824
-17.15657226775694,-26.824895309492724,11.022724320570225,-3.285915532239329,1526580999.048353
-16.31913051187455,-26.952544148707354,7.432477010909659,-6.143555448236128,1526580999.089888
-17.890068809880024,-24.905165103429823,5.444815204902725,-3.644752348899857,1526580999.120503
-18.356662784686836,-24.190876583562925,7.346391275233361,-3.219960223091846,1526580999.159654
-19.634112334373423,-23.461969699522168,6.684116504127959,-1.3152258824893863,1526580999.186867
-17.414816028797578,-23.093149855256275,3.8617729146776107,-8.196633569319289,1526580999.220301
-18.624515420430836,-20.61044038786871,0.42777279886283603,-6.846435226804033,1526580999.253096
-19.191690954330888,-20.56237588191041,0.36478679471194353,-6.836018273026696,1526580999.284315
-20.581879585655,-21.076895165360565,3.8799508986599056,-4.038522591598195,1526580999.316704
-21.529111458268705,-20.226553820306847,4.259276599151025,-2.729965213034916,1526580999.349482
-20.95704622224898,-20.889491164612735,5.986064930541701,-5.563555316285914,1526580999.385968
-20.641402619900834,-20.811467430393147,3.394793748727565,-8.28734685536918,1526580999.421038
-22.014355985697836,-20.59634906902058,6.0497333636025,-5.23046144060433,1526580999.459856
-21.685982990708318,-20.62145797983502,3.4812595859427273,-8.031295224769252,1526580999.488791
-23.913595574234556,-18.79356921146131,6.667697824989137,-2.3745335652642154,1526580999.524833
-24.358782506859608,-17.191748001602406,4.709357768325529,-2.597217491005523,1526580999.550114
-24.943157920280008,-17.14286798285296,4.131930940804574,-2.2817795662708704,1526580999.587957
-25.596309607832055,-17.98648362364797,6.716191476688077,-1.1915247290561695,1526580999.617984
-26.234194037966773,-19.4042292237761,-6.242743091074402,-0.017920924024338092,1526580999.657737
-24.712764776237673,-20.035161846056255,7.846002446762588,-5.67340579188118,1526580999.691749
-25.61700723262941,-19.37748973340344,6.915680196915385,-4.250489436700661,1526580999.729101
-26.023106454457423,-19.404159403362637,6.3269590565566265,-3.9589268216572293,1526580999.76195
-27.46174731993593,-18.881372163217403,7.78136427025923,-0.9199006083069037,1526580999.820189
-27.678018050557213,-18.739356087024333,7.950579416229105,-0.8204785566973101,1526580999.884694
-26.062696879210755,-20.956833693965443,5.863709338021132,-6.148942404920916,1526580999.938504
-29.485149753402432,-18.23036532347627,-2.17310776999701,3.7831341977076534,1526580999.970895
-28.333174709554626,-17.36965153841883,6.032723808214971,-0.4142126819685359,1526581000.005247
-28.24057649340268,-20.14237883533409,8.858856255600745,-0.1318272373198397,1526581000.034838
-27.795424415300015,-19.322074859679947,6.952380887566587,-1.248649603139853,1526581000.067356
-25.47350163953709,-22.915891603971826,7.169135358621867,-6.989177618551764,1526581000.101927
-27.71251415198091,-22.41520962124718,-0.7668528913154522,-0.7102637502781022,1526581000.124639
-27.34092647486148,-21.58975562130925,11.202882665306259,-0.8616523343488325,1526581000.163685
-24.781775999936666,-24.096023140044494,10.121449985145693,-6.796687277701125,1526581000.211286
-25.642957531690385,-23.784526644505508,10.608400805361645,-4.287415826889401,1526581000.246713
-25.941809863811947,-23.975466411356496,12.848174425958153,-2.7787896412861812,1526581000.265163
-26.098321171059197,-23.698306743224464,12.582414871136038,-1.6004076330154646,1526581000.298231
-26.46064880162314,-27.507228829580864,-3.335279344556151,-0.3648622816717477,1526581000.336948
-26.398638603913454,-27.312223563457827,-3.466054534990968,0.24113852866062757,1526581000.365183
-25.639511535075865,-27.716357644735805,-3.679374399242172,-0.6412243070938928,1526581000.40547
-24.481048319001236,-25.716020390422123,9.034902690072101,-2.6718486722631667,1526581000.438318
-24.24633424573211,-27.137615798989636,9.020690505601216,-2.2112700314572464,1526581000.462748
-26.67837775488222,-26.66846045210921,-0.65317194403438,3.7328363815441037,1526581000.50157
-23.749980290915406,-31.16499299547941,-5.769120624308593,-1.2435095168188468,1526581000.536876
-25.24392241509718,-29.216624324063407,-1.915415125480577,2.355434992439939,1526581000.569189
-22.62207372437766,-32.66369914173966,-8.07890101674813,-1.5185611811835429,1526581000.605546
-19.1224392799412,-34.21686409154373,-3.006974443016128,-7.339819316316323,1526581000.634308
-23.214180593002325,-32.43801409933886,7.6025789015583705,0.40535961017252475,1526581000.664063
-22.447700573685378,-32.47497196177321,8.527394096662553,0.16856249441460136,1526581000.700761
-21.885113063840535,-32.56035741713987,9.047487193602617,0.06136191123246704,1526581000.730265
-19.07558878761167,-34.63548930694429,11.050662246609805,-3.735127067853,1526581000.769869
-17.980631304781085,-36.40282094810378,12.388965792247623,-4.641432920117438,1526581000.812104
-18.297551073777527,-36.003293367157745,12.731628601418251,-3.3588980526367322,1526581000.845522
-19.503736062925384,-35.93972732293625,11.5961886422186,-0.7289666450674304,1526581000.882784
-15.930028021895678,-39.98323902882827,-3.64674408510366,-4.676589524875993,1526581000.942479
-14.202116617927228,-40.60806941156955,3.2779933555951652,-6.536007546754973,1526581000.968109
-16.382210836143873,-38.25097732124313,15.997278277447737,-2.4016561258701756,1526581001.011423
-13.695257431140737,-39.801057640157765,14.232749287006293,-5.713554908756947,1526581001.031039
-15.821896686270021,-39.7262167605631,12.67740740842418,-2.024959496718054,1526581001.069957
-12.79720417287899,-41.25408730953138,18.197421066961088,-5.609597618381827,1526581001.103776
-12.16670272233638,-43.51186749440837,-4.591425267719885,-5.987082830945525,1526581001.135499
-11.725583450415417,-41.48701570283135,18.140519386252354,-5.993339267564892,1526581001.161996
-12.92652671968751,-41.27381983461796,9.613085707287672,-3.9806003726514803,1526581001.203266
-8.888126939711727,-41.52406520721074,15.913569985624306,-8.888738736855458,1526581001.238002
-9.92717970025535,-43.62321663080903,-6.14442687914136,-6.638357758991106,1526581001.301295
-11.541586460851152,-42.842888979731114,-8.719161916750245,-4.022551367815851,1526581001.339462
-7.376897988306105,-42.27757564377528,14.214809315024773,-9.342011341586698,1526581001.372879
-8.78915065712881,-43.3908621200127,-8.26082521553473,-7.020982806888469,1526581001.40989
-8.345931550109922,-42.39589789283106,-12.512414466699761,-7.10615784946873,1526581001.435104
-7.8735693077965365,-42.25898174814751,-13.457981449332758,-7.405479450644577,1526581001.469704
-7.51498984815197,-41.68082003064196,-10.883921796950487,-7.660648587262045,1526581001.506742
-7.516037162094433,-41.417402849022686,11.964358606329968,-7.116600845320534,1526581001.554173
-7.244512202831488,-42.46927565911831,7.964518737828929,-7.299112143565026,1526581001.584065
-8.246138672219006,-42.11952924339855,8.871500542194454,-5.667902770240687,1526581001.624944
-8.902100763752141,-41.409723535254265,3.510187128947599,-4.415939694722908,1526581001.662501
-5.7969348631931235,-39.83080696249754,-4.3548122980420665,-8.556546874789007,1526581001.696906
-6.114590466104965,-42.82475448202438,7.609327904693702,-7.789536713629246,1526581001.717606
-9.098578012272728,-41.722158141464014,3.1785000174677975,-3.5852137814593164,1526581001.744211
-7.248993726272655,-41.917079525897805,3.497298212271266,-5.813799852660111,1526581001.764754
-7.142043008095505,-42.15699261163855,2.3395388689567316,-5.91325111175567,1526581001.810583
-8.56935379722017,-42.31823049611346,-0.10811131490275905,-3.982463143460194,1526581001.841006
-6.933230876015923,-42.604192846656254,0.034035446616716314,-6.100762387354706,1526581001.874684
-8.529871389578801,-41.49257563526048,-2.497774184643684,-3.699802686291605,1526581001.91064
-5.9070428549562415,-33.634678193762625,-25.1607999131203,-7.081103067887085,1526581001.944172
-8.506149411542326,-40.32233386018739,-5.8209262251622675,-3.3693605403399545,1526581001.980662
-8.324530242437133,-40.29538413918748,-7.14934808487205,-4.346557430533892,1526581002.013516
-8.399126178391827,-40.41319705104135,-8.532809847331515,-4.408289728564483,1526581002.044699
-6.651126607691151,-41.01936695089946,-8.759912726332093,-7.030502503378614,1526581002.075265
-9.815286719483007,-42.60033911210983,-9.125177060408262,-2.865198748216187,1526581002.107102
-10.409096917831633,-39.14529862894047,-14.059359871734824,-1.855866683253197,1526581002.145152
-10.152531743718308,-42.814781054369405,-11.968392909536103,-2.906267223495405,1526581002.17421
-11.713554225125165,-41.09823067349765,-14.995279783738962,-0.5686692412242564,1526581002.213064
-10.415353545067704,-43.62885339541805,-12.303958871620335,-3.83401663109251,1526581002.245505
-12.403626755392759,-39.76387592153484,-18.159533970065233,-0.3101871560386087,1526581002.275453
-11.888544811234567,-42.08639683528885,-17.011916180977323,-1.3734066162407714,1526581002.309939
-13.242059119861839,-40.76742182049761,-20.778062373255082,-0.6677306503060549,1526581002.341948
-12.087054717476564,-41.32162191902885,-21.36840790212798,-2.608805587912258,1526581002.370642
-10.705129933760556,-42.19275110501187,-21.558799484451878,-5.184639098800318,1526581002.413238
-12.746541122249967,-41.266516751410904,-23.99605983952983,-2.6645465999382907,1526581002.445488
-14.093200860456703,-41.89848640304182,-23.756206880359322,-1.4971839883931182,1526581002.479015
-13.615048672737647,-39.95142656780013,-26.578838313096263,-3.0250878799990346,1526581002.512676
-14.613609843713366,-39.137099717996634,-28.580951529752884,-1.3247111155627351,1526581002.556901
-15.323200061474996,-38.942503845753535,-29.29301881211765,-0.8703803987791048,1526581002.578887
-15.938773641862076,-41.564484434662226,-27.03346841549189,-1.6343063981569799,1526581002.613967
-14.774817411348913,-37.27277834566106,-30.86690439590237,-4.9383610772696045,1526581002.645856
-14.559627004364385,-10.108017782820411,-48.43894778356647,-5.772368577735108,1526581002.678044
-15.287951000449036,-9.889160939037893,-46.85670063853501,-5.853305309630429,1526581002.710542
-17.2063908556709,-38.680362499027616,-29.154522355055107,-4.681069999643142,1526581002.775789
-18.329026877398466,-31.257609671915596,-34.563469147012036,-5.424708627137193,1526581002.81437
-19.477557343411263,-36.88283494451724,-30.2941905885945,-2.7442270930122845,1526581002.848078
-21.146185394450523,-35.3118835986854,-29.878617466356065,-2.90242119570658,1526581002.885666
-20.807660047571854,-31.06033654104872,-33.14402083994142,-2.2608092686508883,1526581002.923974
-21.393948680595642,-33.06880959175634,-30.52280873541364,-2.1125469879305285,1526581002.959523
-21.803794145952597,-32.95976524264248,-29.951282396679442,-2.3877343547544,1526581002.989364
-23.331297596674307,-26.027875258541954,-32.86375081529252,-3.3812841858231764,1526581003.011308
-21.923400099207267,-26.132775726318524,-32.43586906529211,-8.072383201996587,1526581003.076106
-23.31467271172258,-28.329349761416896,-29.332299180925656,-3.021781419356273,1526581003.11428
-23.28122287689479,-23.961654893450444,-30.954600647206757,-8.624861361020663,1526581003.156743
-27.373586882910903,-11.138043465185033,-33.59469882399023,-0.07206478876605615,1526581003.218254
-27.739246804914952,-10.660442808403912,-30.865984845094367,0.0014054850562672527,1526581003.287313
-27.736222261301357,-24.672091258948118,-21.320444425563956,-0.32516933229422307,1526581003.323536
15.400917641683673,-10.482295474705847,14.84015753235736,43.831492363931076,1526581008.345629
14.142343005382642,-11.586009863545227,15.173154153460509,42.32582868127446,1526581008.385909
13.54560898609889,-11.530499054082746,16.091041923557242,40.3339296881465,1526581008.422424
12.005117755124758,-13.251312294047256,16.364184712859075,39.664810001911576,1526581008.452783
11.546940252108463,-13.499604096118917,17.1536723027698,36.58794266418897,1526581008.47994
11.980980203009011,-13.558141667145513,17.322421087451985,34.66441862736832,1526581008.512806
6.703604745616335,-19.093018709452657,17.503306316763243,29.01265046918661,1526581008.614206
8.005953037371983,-18.568015240663826,17.424363277005913,24.47273434645163,1526581008.649159
6.711478240221957,-20.243676402096142,16.934309987988975,23.141012916604268,1526581008.688389
5.8956617801829,-20.988700321818914,17.346983749586332,21.755887978915695,1526581008.733634
7.355495302812907,-20.29221144819292,17.032062751411093,16.64121213663276,1526581008.806132
21.72962985422466,-4.095421133017552,16.925461851429016,-44.883930856632475,1526581008.873243
7.331832202628512,-22.459037842139725,13.805501857817358,3.4314773226971624,1526581008.985797
15.193396478036743,-6.356726304498025,15.326444591617966,-32.32069263729565,1526581009.069668
3.163944923185431,-25.59803039720126,10.821898280353238,5.623849246418729,1526581009.129897
4.0837662630057885,-25.2533242823571,6.365217104886643,1.2368124714454325,1526581009.22672
4.598563667581067,-26.27605005048377,4.215154841844658,-4.810488450340159,1526581009.322492
-1.5969101649336896,-29.782798082757612,1.9295846843733022,4.6456474041049205,1526581009.355471
-3.626811240665765,-31.705155332836316,-5.449821496219747,-3.338099850900676,1526581009.522084
-5.566138459395118,-33.62149961077831,-6.872398459877111,-2.5887524611284505,1526581009.561926
-4.351635857522777,-37.9268238739926,-3.4324544185544674,-8.216578811929168,1526581009.59243
-7.461480052154124,-28.00961772955747,-17.415123499130207,-4.956156180480463,1526581009.629089
19.272497847509864,-29.827737517811872,19.718415079312322,3.3806400489554846,1526581010.394739
21.337643000082497,-24.69707123695276,21.05474813641584,-1.1114895352609722,1526581010.430371
19.34714840454826,-26.133354667117654,22.290789034472724,-0.1385644748742152,1526581010.469984
20.98182209527463,-24.806259913951,22.232168117510792,-4.307355427565341,1526581010.573928
22.97941232097952,-22.34812298279376,22.174650278493715,-7.679317044207124,1526581010.605906
21.577534940007858,-22.396717770050547,16.864518166865565,-6.218287123752418,1526581010.701612
19.24376294591242,-21.683801329055072,18.01372912870551,-4.193000325479034,1526581010.735665
18.067421447204396,-16.574440276253707,17.086780246273673,-3.5180626356722655,1526581010.777527
7.109900346367343,-20.06938932249993,22.07521829423026,7.752518024739061,1526581010.826315
4.668947354150765,-19.339447371329896,22.593510750411628,7.833378980466961,1526581010.86497
0.80641470146346,-19.636577128207616,22.98679679138605,10.653061589241673,1526581010.917313
-3.7142266503754024,-20.53223686969265,22.112504794548023,13.377294174490657,1526581010.953232
47.84317480385377,-27.399947933311253,-30.676872890078155,-36.15736831940566,1526581012.478966
50.08357662393057,-28.13879072764036,-30.589397743374622,-40.28851487323186,1526581012.517207
50.31637441274735,-28.08506419414335,-25.27275897073453,-39.664107819988004,1526581012.547745
50.98363157251416,-30.066187786639617,-19.156233167919964,-41.719907342718926,1526581012.583151
49.47568958657628,-31.195141648204114,-18.647285047483493,-42.330183883701494,1526581012.621223
23.025645145431223,-50.84036051839837,-14.878400969419182,-27.473785816568636,1526581012.914303
25.367634742902,-49.04761954708089,-7.278192172504555,-36.163845842590064,1526581012.981314
25.99300489871734,-45.42016222081911,1.9885135965736076,-42.12544492844913,1526581013.016472
30.20919609182301,-43.664059841122956,2.8941174192163253,-50.23231611328538,1526581013.079494
30.686637284961265,-43.331140646321174,0.5222481957569798,-50.15610224892495,1526581013.116499
32.1416456155538,-43.99846518053954,-1.7159203282369013,-51.49667664085277,1526581013.148857
32.040653514408284,-42.35292391039487,-0.10754238829559704,-52.750440470479134,1526581013.219554
-27.18419501968932,-27.23035546737823,-29.08945282983101,-12.635417167867416,1526581014.557143
-23.7303094406017,-28.08035140312388,-23.050958450700165,12.489726492706552,1526581018.891738
-17.795348212004072,-21.878937380988358,-17.83496561823996,9.269969477842153,1526581018.989689
-2.3616583713801704,-29.7559571654699,2.969631084530535,-20.317835263440884,1526581019.057955
-0.0021887341028187235,-27.59147320821026,-1.9320279962038605,-24.830859398217314,1526581019.097466
-13.002779093520568,-18.857511079210326,-13.058411687034855,8.629797230563128,1526581019.156317
-10.917589193090933,-18.596238770925822,-14.344124408686563,4.821424749563391,1526581019.197655
-2.4277239148838246,-20.744699008299207,-10.269236395009598,-17.504092669945152,1526581019.256751
-2.842675921260479,-22.903387165678524,-8.091857685131249,-15.456459508560613,1526581019.291564
-9.0024481286225,-18.356876699844147,-12.209768727687477,2.9246106428707037,1526581019.360924
-10.317739653696611,-20.1310866381067,-11.2094772618864,5.415661695651579,1526581019.402882
-6.211024930356851,-18.257344246177542,-11.752577797152579,-5.703071214234797,1526581019.466067
-9.304911345667126,-20.499488317788252,-7.9746606532953415,3.1300334177133777,1526581019.594712
-9.32569034979717,-20.49599836110216,-7.764161479805157,3.1598520062696025,1526581019.626215
-9.145316572608658,-20.5625536073355,-7.528144184266856,3.1269593996419474,1526581019.667867
-8.78359886708185,-20.692310064089405,-7.056745641103715,3.0603011937946576,1526581019.729725
-6.381291478650826,-22.04966353045983,-4.527977826129118,-3.0984744868630116,1526581019.762507
-6.639950407277169,-19.893662523842163,-6.695037161056462,-1.4791885372314084,1526581019.799083
-9.383147661826928,-18.844452876677853,-7.483560361792746,7.3054735982235,1526581019.837098
-9.238788287318094,-18.93657921910322,-7.029961577268417,7.29193252192286,1526581019.868352
-10.670368035814711,-19.30698480080768,-6.87026638670473,10.922547119512956,1526581019.905016
-7.714043199743651,-18.82338124492558,-6.470556657502769,3.634297466356287,1526581019.943972
-4.1719487809750575,-9.411810591264164,-7.078736442280642,-2.123511091422074,1526581019.973097
-6.160793597005247,-17.65480279847561,-4.092480303769385,2.9147952097329153,1526581020.093985
-7.694029463626139,-19.632799296620085,-3.1368273854596502,6.875980534599421,1526581020.132747
-5.791439116791573,-19.416929966299413,-1.6818679231589049,2.1776438413543246,1526581020.173359
-6.92072108391535,-19.776520642019037,-3.5990462939241143,6.834193780647865,1526581020.265922
-5.808908117579237,-18.776208311707855,-4.234429633848665,4.991994215110083,1526581020.30111
-3.1249942955060743,-18.005630464603943,-0.03934545290127178,-2.5765385258852973,1526581020.400089
-3.836984612130087,-16.929826972287454,-1.8804141929818785,0.6422082494806318,1526581020.438975
-4.420291965891292,-19.57484548469125,-1.2795692860947971,1.4828521390466847,1526581020.470741
-4.221740471378283,-20.584301713604077,-0.8288423586278195,1.3764903840028353,1526581020.504067
5.367751879251905,-20.576487547282557,1.4018961481292929,-23.421751302030685,1526581020.570534
3.4662402390176443,-20.535494437514853,1.5110464631873652,-18.184923245867452,1526581020.613531
2.9320464937684,-21.977275743830674,2.126736273722378,-17.52675846819372,1526581020.735582
-0.7927029540297498,-21.796364302234768,-6.022985313441325,-8.412676618825316,1526581020.799993
2.3588821298487423,-21.897366093932952,1.8438848687487046,-17.302701668866803,1526581020.871659
-3.161374774553129,-21.798190801792614,-3.194953508297718,-2.4076041802534576,1526581020.938169
-0.3406403160685201,-22.80327177264257,1.7549288444446092,-10.466996123347855,1526581021.018521
-0.5574349226428528,-22.819011204696572,1.5650462100939966,-10.425057052865526,1526581021.04443
-0.9165362794529852,-22.602008497880718,1.2279205325961517,-10.195898911499057,1526581021.078181
-1.209177931618588,-25.823792820369842,4.869279485308702,-10.089248480066004,1526581021.108128
-1.5412753784674502,-22.620772951154564,0.8405186699642249,-10.078799797138998,1526581021.142693
2.1089942150423906,-24.92188811308323,-2.1798052584771517,-19.29281790011032,1526581021.208239
-1.4404796482814206,-24.754999242618435,1.3088942219199295,-11.42290879155263,1526581021.249313
-6.08829772153855,-23.664105537530617,0.44570262223761103,-1.191287328223666,1526581021.311063
-6.638024916017723,-27.657856384165118,5.999322775476681,-2.5483063876944527,1526581021.403815
-5.27354790557935,-25.98773841436845,2.019876379111042,-5.331041193053835,1526581021.443178
-6.571082057630089,-25.051980919154033,-0.9052975334474973,-2.3095859313877156,1526581021.476674
-7.532873860317087,-26.688051462141285,2.6623362899619427,-0.32138879873213,1526581021.514312
-3.556930664348808,-25.294969817304832,-3.831535238674631,-8.453492330794546,1526581021.545077
-3.3716375116202637,-25.310198767025472,-3.7981207064003737,-8.458136239104192,1526581021.575181
-6.825232060809694,-26.98435351418155,2.510394333695887,-0.7550629129769106,1526581021.609964
-4.586189101230709,-28.293556030730354,3.531341687510728,-5.060345265450536,1526581021.641917
-2.4560110455199506,-25.47511855205179,-3.791125965099041,-8.884868825971296,1526581021.679131
-3.5390274796542696,-26.528575568032295,1.0181510748686127,-6.079293090058371,1526581021.71635
-3.332782375793118,-26.55447946140314,1.017042220057645,-6.136137686347894,1526581021.748787
-1.8370492341550027,-25.70912867899536,-3.8893599392783877,-9.08824406675501,1526581021.775119
-3.131989463009666,-26.608753354748806,0.813286213632674,-6.204181266131087,1526581021.814316
-4.461960073682784,-25.475274540258926,-1.8995605808975178,-3.0918490069669815,1526581021.84669
-3.2026138376138897,-26.479547009328623,0.650022607576572,-6.013343309017415,1526581021.878544
-5.5980206314340055,-27.360538339818802,1.9239900435223776,-1.1802993575992957,1526581021.908425
-2.2118310697425856,-25.46487402778413,-4.3296014362497,-8.653886770215138,1526581021.939738
-2.191067159312742,-25.375741516530564,-4.285416913970035,-8.658115771382711,1526581021.976859
-3.614509196803147,-26.42849659102944,0.642138154264206,-5.901772598410048,1526581022.010031
-3.8613124187449572,-25.002041806599316,-7.753949796885072,-5.187953630626595,1526581022.051559
-3.8201051794698047,-26.43083569884764,0.4353242122840122,-5.859992266737521,1526581022.151178
-3.819640669111377,-26.459289799436863,0.23312436752513488,-5.874292699196161,1526581022.197425
-1.9226448968814367,-26.410975191347635,-2.1002281926767363,-10.014476691628772,1526581022.253728
0.34945496024443756,-24.448212902820398,-8.593408671416094,-15.6053617702608,1526581022.27921
-1.5512469168979928,-24.288307921560587,-11.920280979926918,-11.192708027097495,1526581022.31731
-3.0268338201878633,-28.473348627599627,2.209620326162562,-7.63126449808442,1526581022.381922
-5.210915830807614,-23.780051576410965,-9.889317891269636,-2.1392459445628447,1526581022.416699
-1.8376453720691635,-26.725163365338098,-0.320145954596895,-9.866083532684314,1526581022.452245
-1.5605471218668592,-28.60897494817289,0.2198166479949153,-9.406786170885056,1526581022.553697
-5.241951547840664,-23.74103778966996,-6.0870597975171625,-0.0979651467562519,1526581022.683471
-1.8805939210569442,-23.56907533326121,-4.9701060649970294,-7.67753773215378,1526581022.718769
-2.8483499474720357,-26.569192985084126,1.1026398948001184,-5.558167946530915,1526581022.765767
-1.918590848838896,-19.10513574569085,2.257590415562697,-6.251837218245328,1526581022.797633
-4.376500677711017,-25.62130959864904,2.2052935604324406,-1.4222184097010029,1526581022.825207
-1.6154426471706906,-17.124648982835645,2.1993901974969616,-5.987754716272633,1526581022.857918
-3.5061019790850367,-23.795115321110462,2.4780779330172216,-1.7754251239994403,1526581022.884946
-0.7223537934210474,-24.30373654302789,3.8740580107602014,-8.366496310563946,1526581022.917473
0.7761158989469161,-16.34156340912622,5.54718049356073,-13.092504671666774,1526581022.986323
-0.003811721874542373,-14.893538868575206,0.9081798490087507,-10.446080091141852,1526581023.031094
0.15849850398258736,-22.724657563306547,0.9649806662167202,-10.339368577985852,1526581023.060097
3.3321456491862653,-23.999179920579788,0.2079682429015386,-17.922644784413563,1526581023.087192
2.0835296032149078,-21.3606896385009,14.923081019982043,-14.715951191449335,1526581023.214385
-2.368735720996905,-22.413479502840623,7.761541349288811,-3.1154264233303195,1526581023.288163
-3.430955939935893,-25.349142727303942,4.859238191344642,-1.411816882083258,1526581023.328277
0.10984048291234028,-23.39227229448114,9.531591578868941,-10.699585309745999,1526581023.385963
0.8573195246136325,-18.82938836693638,17.442787994421963,-13.251171198492528,1526581023.423858
2.9461973569861444,-20.434404693818696,13.750522658661176,-19.795617446223332,1526581023.452904
-0.23127462724410552,-18.23157754861291,21.18764353144232,-11.191067835619094,1526581023.492409
-3.2156109815207827,-25.671268225714716,9.186591979962255,-5.416402040531324,1526581023.559316
-2.6704306630473975,-23.414007333584912,11.487661855083694,-7.246464049173255,1526581023.59226
1.2204726618239468,-16.873846160855745,19.291015444181948,-17.316199468236533,1526581023.657474
-1.5020795580366921,-14.119683849873294,24.018803031905804,-11.463603843747535,1526581023.821287
-4.2768999936008125,-21.12597283410095,17.279145503145102,-2.89830287063873,1526581023.893915
-4.758717191846893,-26.829585503625445,13.332666151181218,-3.446774130198378,1526581023.93988
-4.982161323513099,-20.868078168749953,20.460259412046803,-2.8558093201982615,1526581024.198768
-2.201930861000169,-9.899280108455436,27.213374802030657,-14.4612220835252,1526581024.270133
-1.9558885153488066,-12.043559054936457,26.463296438895412,-14.455041860336252,1526581024.308478
-6.4669261110081155,-18.1492055123548,22.395644539671697,2.0371985264310695,1526581024.364569
-0.9105543079855167,-9.569394594158233,29.115611266474705,-19.544537387352847,1526581024.428096
-0.97126459797985,-9.351976265598818,29.48902966308908,-19.521000320638308,1526581024.526282
-1.2455273895330854,-9.168534595718523,29.845900454951604,-19.40761014273957,1526581024.62841
-2.774044891028437,-7.686849181937392,29.586598133097244,-15.822621467319777,1526581024.662208
-6.6916615774442265,-17.985094654057335,23.467726428217876,2.0707072641618254,1526581024.734201
-6.6916615774442265,-17.985094654057335,23.467726428217876,2.0707072641618254,1526581024.76362
-8.182875428749092,-19.73552199211574,23.076742243074392,5.1382883209980434,1526581024.798266
-7.008171595928229,-21.605138350375043,21.849546732607898,2.0294871885404575,1526581024.837425
-6.072115698878681,-22.462570790606954,21.80090573933832,-1.364944539943508,1526581024.868461
-5.322865378027154,-22.37321702000348,22.040404195803383,-1.3881408166472227,1526581024.904363
-5.635185443727683,-23.87329531767782,20.685301412560587,-0.7766596764226961,1526581024.932544
-5.222317823900822,-20.74959493673763,21.735762861222693,-2.8451868567486542,1526581025.165921
-5.20432840951483,-20.787259787063597,21.097316391716,-2.8238715733045865,1526581025.265085
-7.1736244857315725,-21.96091414480748,20.739660259842005,1.8953716699312508,1526581025.30484
-7.1736244857315725,-21.96091414480748,20.739660259842005,1.8953716699312508,1526581025.342147
-7.1736244857315725,-21.96091414480748,20.739660259842005,1.8953716699312508,1526581025.373989
-7.1736244857315725,-21.96091414480748,20.739660259842005,1.8953716699312508,1526581025.409464
-7.1736244857315725,-21.96091414480748,20.739660259842005,1.8953716699312508,1526581025.436786
-7.1736244857315725,-21.96091414480748,20.739660259842005,1.8953716699312508,1526581025.471737
-1.3480562276270271,-13.58169482767988,27.79071771964626,-14.66837878858422,1526581025.534703
-1.3480562276270271,-13.58169482767988,27.79071771964626,-14.66837878858422,1526581025.574048
0.1794362828007916,-15.505735789132412,28.15249295981162,-19.53563528557339,1526581025.639238
-0.9259741321560615,-11.999075579882788,29.145689090508604,-16.497017169626503,1526581025.836122
0.3359436791856405,-15.278531856753604,28.558509421984205,-19.59397641053593,1526581025.868938
-5.62142577735934,-26.015077556276605,19.08967675224559,-1.498212131155384,1526581025.940427
-6.132699002657324,-27.26576479453211,17.570341300177898,-0.8550130690024957,1526581025.974859
-4.536372037085784,-24.449936802931948,21.131357693478705,-3.1182472818826454,1526581026.077229
0.4043421184005822,-13.528560102318133,30.649468432696445,-14.707475849643458,1526581026.141892
0.17092152780406267,-13.512772872696527,30.544754110557705,-13.933273467104783,1526581026.241914
-1.7603446347127076,-15.31340167177282,29.29947907138433,-11.263864870094892,1526581026.338753
-5.036765411249985,-30.350461116793902,15.843012519810458,-3.8908733549210126,1526581026.411038
-3.3763132455079985,-26.770909815420517,19.118772898301255,-7.127637578666594,1526581026.448289
-4.274016216827955,-29.29763395780207,17.165793377930207,-5.122178782530085,1526581026.473938
-4.271088749294438,-29.287504619397506,16.95473952904397,-5.117333216668527,1526581026.511285
-4.271088749294438,-29.287504619397506,16.95473952904397,-5.117333216668527,1526581026.548429
-3.470699067995044,-28.051891775320538,18.45776907971238,-6.484185547586861,1526581026.639786
-3.672398529557081,-28.025320375476163,18.251765224827743,-6.42743064087486,1526581026.746555
-1.7340395598575842,-26.806831654336456,19.97636575812381,-10.478574409141004,1526581026.821169
-1.6225086417613268,-16.715606100937336,30.37049045777269,-10.801806422036066,1526581026.853906
-4.263874392869638,-28.105367211635667,17.649859087022303,-6.408492075341201,1526581026.912297
-3.595762377318605,-31.4398108726753,14.262511593253548,-7.734152095956603,1526581026.948171
-1.552456366259418,-18.530266478234648,29.54273283284792,-13.32004763773216,1526581027.011458
-4.057959894883011,-28.1448579932794,17.498513278665023,-7.656288555188837,1526581027.111034
-2.2780190244781577,-19.755795935352065,28.37640217047158,-10.968279071380636,1526581027.185776
-2.5060796303268917,-26.952703988617525,19.3880011897796,-10.434865292635465,1526581027.226071
-5.554939504787902,-27.943599925389005,18.27851087216429,-2.983547709505757,1526581027.285259
-3.253210145359014,-18.142542126137563,29.23915768571372,-7.544867123893141,1526581027.316621
-3.731918250323705,-30.207211412276695,17.385752470007013,-7.095069162354065,1526581027.412692
-3.708907370809781,-28.193346471077575,18.96585592971463,-7.772264701598743,1526581027.520859
-3.7561145365218227,-30.21625819856381,18.643417232630448,-7.125612359856831,1526581027.553335
-3.740270416125404,-28.18733657721717,19.80440957422002,-7.78388458953583,1526581027.592252
-1.9637682270873722,-16.331777471918496,33.026410739800085,-12.41461593310305,1526581027.691878
-5.372208683231568,-31.34425313166694,20.489458777493677,-4.74825546223795,1526581027.747995
-6.183707946944536,-26.227908463625003,24.533818605956853,-2.4352682412196884,1526581027.785395
-7.093764812299772,-27.21200688653182,24.047491042566275,-1.0807119208122913,1526581027.820309
-7.306475961776072,-27.12205725302841,24.904164370280046,-1.0452414064804714,1526581027.858177
-7.143602219354357,-29.07625628490244,25.191704684069357,-1.518094175337609,1526581027.886705
-7.895657935223277,-21.571807174950568,32.52713733860267,1.4476740482214154,1526581027.99487
-8.025387058472855,-21.23201788324542,33.58536919244635,1.3921311980566884,1526581028.027599
-3.405543863340009,-8.017264717422664,41.275649072448445,-15.059716816325533,1526581028.093332
-3.73856683507136,-7.273223196229562,42.13915606922967,-14.83613222715502,1526581028.130932
-5.40120384788189,-3.21324417219531,44.097222931203326,-14.103734877505957,1526581028.220418
-6.42876193609107,1.2528139225081283,46.28618959556239,-14.496678562073726,1526581028.323672
-4.768057502753738,-70.95690706511559,-7.219838832149702,-35.34705560148106,1526581032.883764
-3.9637214309137616,-69.50061426515218,-12.813980655194557,-37.358761411795314,1526581032.926011
-1.5302061417466726,-69.27613240505954,-18.80766911673308,-39.32101487693345,1526581032.953907
41.63754276858378,-27.478610289428264,5.71441980968714,-37.71762612808942,1526581034.396876
39.151895596098825,-25.785110927416333,10.131110978020597,-37.826144979049474,1526581034.437405
16.338479930498465,-16.257860110792414,38.01290947950943,5.909448377865772,1526581034.502431
32.62298257685781,-20.67891100629312,21.467067978162824,-49.19885033460585,1526581034.573932
30.669663776535792,-17.16137315709876,23.758237598109428,-53.36993538919066,1526581034.60199
28.705578663708774,-15.91278517862889,23.21337595053827,-53.666385774994694,1526581034.64422
28.948798298601773,-13.066792507562777,24.006147440206284,-62.05401785593568,1526581034.707426
-16.536663835922205,-16.173455934067352,-2.616448362398476,-2.134719087371849,1526581038.461656
-15.344457757105847,-16.170251329546314,-2.6967427741047194,-2.324078095097292,1526581038.496825
-14.324673635910314,-16.481390115277232,-4.662549810046739,-1.6229695889918787,1526581038.533959
-11.595853893267842,-13.703912990330368,3.486876157913609,-6.794088936066942,1526581038.572295
-10.037642200559782,-15.33393538496813,6.087798108109249,-8.323588619343298,1526581038.603182
-7.308373689426116,-7.018638412707218,2.4040992906385146,-5.16587867847872,1526581038.698976
-7.482530925070956,-8.744953598532675,3.5061695814541145,0.5177305881813083,1526581038.738297
-1.9153179627570278,-11.387888684794948,2.7463438359139998,-22.115613080063184,1526581038.800024
-4.82509382319887,-8.707522287517286,5.91352900895399,-0.43615163201636165,1526581038.865908
-3.424439232210569,-7.476554729417225,6.434456164146676,-6.652622037682562,1526581038.917202
-1.4830356256700665,-8.828356875471183,4.603166339294171,-18.70273708227623,1526581038.96794
-3.044601821018982,-5.6738598546680965,5.891036346391737,-8.538535142034704,1526581039.034209
-3.7267597817577585,-9.0460860778252,6.882167953054946,-4.1647083062605645,1526581039.071552
-3.590585162471913,-7.58370113197373,5.787277659981837,-6.642511605745511,1526581039.177916
-4.960035704087081,-9.063958564951017,5.63570688007061,1.3308338727171645,1526581039.204799
-3.326121862494385,-10.73917219860006,7.729881502209597,-7.968125962649339,1526581039.232283
-3.248078344741423,-10.672509489633837,3.311340693216983,-9.516568506317867,1526581039.263507
-3.4623342985465593,-10.65541779660341,3.3055944373624717,-9.449494499485183,1526581039.371044
-5.6736354533283135,-11.678365257359106,3.885255092127804,0.14695704356597616,1526581039.501941
-4.464193667465883,-13.487866467563814,3.0882560801379197,-5.667160678729999,1526581039.73838
-3.5986399250512933,-15.51567910546329,2.3332123903872213,-9.39357443022024,1526581039.772971
-3.093835111444461,-10.973388705229038,9.480234715366592,-11.788218249920988,1526581039.833858
-3.186332300363993,-10.571305099457756,13.457035564956655,-10.951341576007081,1526581040.007202
-4.631647451369184,-11.807596435939077,8.487189164726736,-5.305952519650731,1526581040.074278
-3.7402520155877634,-11.083477280649035,10.232532623868849,-9.911683147547507,1526581040.105126
-3.8970281785411833,-17.03675144978257,8.757296802717894,-6.773500345795782,1526581040.222043
-2.7299752182513584,-7.395506208144144,18.56007852345626,-11.647120701360734,1526581040.337928
-3.9888137570760844,-17.69060256213127,12.731286834236613,-6.885301934629354,1526581040.411632
-4.274016944398469,-17.682065035437912,15.256828176338729,-4.284024654034027,1526581040.574152
-3.8265296919459066,-18.00667091006669,14.831235705743886,-6.995233803294127,1526581040.609967
-2.973868846288248,-17.359936764326388,15.746005657704158,-9.789315079984675,1526581040.64377
-3.8312794765861717,-18.03369952015778,15.04179383538505,-6.999952589576964,1526581040.684445
-3.001077737314188,-18.679272705969424,14.527812767018405,-9.691594090225863,1526581040.712263
-4.063421359259468,-17.77513490764192,15.884386605303614,-4.366186213403267,1526581040.746068
-3.2531189589189764,-18.050728874094517,15.45230996782838,-6.92118634610236,1526581040.779215
-2.3937092833307108,-17.3703521193852,16.35589276941236,-9.736772433195512,1526581040.810796
-4.062563898168965,-17.79321919938392,16.096293787821764,-4.374115882254671,1526581040.845156
-3.252142482371028,-18.077134564360737,15.663076900422414,-6.927342545252543,1526581040.881939
-3.636196384873589,-18.137322355788882,15.672821344529684,-7.071543266161768,1526581040.916559
-2.781234500053976,-17.444323685912828,16.58939026206463,-9.85563064224138,1526581040.94857
-3.041893988177007,-18.126612042782646,15.867416444630882,-6.990798651960716,1526581040.98191
-2.1815846634337026,-17.41641398240549,16.772869477474476,-9.798660881149004,1526581041.017485
-3.8529551015316588,-17.86435451454799,16.512737352354975,-4.4468431257393775,1526581041.048724
-3.8529551015316588,-17.86435451454799,16.512737352354975,-4.4468431257393775,1526581041.076902
-3.8529551015316588,-17.86435451454799,16.512737352354975,-4.4468431257393775,1526581041.120272
-2.5764221383744497,-17.472786760412202,16.801283581761634,-9.911194783068055,1526581041.158073
-2.5764221383744497,-17.472786760412202,16.801283581761634,-9.911194783068055,1526581041.184764
-2.5764221383744497,-17.472786760412202,16.801283581761634,-9.911194783068055,1526581041.225613
-2.5764221383744497,-17.472786760412202,16.801283581761634,-9.911194783068055,1526581041.254665
-2.5764221383744497,-17.472786760412202,16.801283581761634,-9.911194783068055,1526581041.300334
-3.431708696262608,-18.186941066932718,15.88286448800034,-7.133496653931616,1526581041.336267
-3.431708696262608,-18.186941066932718,15.88286448800034,-7.133496653931616,1526581041.363297
-3.688057405839361,-16.607241841480786,17.444237064249684,-6.01272512691537,1526581041.446422
-3.688057405839361,-16.607241841480786,17.444237064249684,-6.01272512691537,1526581041.484526
-3.688057405839361,-16.607241841480786,17.444237064249684,-6.01272512691537,1526581041.518551
-3.688057405839361,-16.607241841480786,17.444237064249684,-6.01272512691537,1526581041.553794
-2.5721839466006498,-17.45566020571533,16.590422676695532,-9.908099365620103,1526581041.584819
-3.426879882620348,-18.16141030507317,15.671975533738978,-7.129225422073404,1526581041.619583
-3.316087837165822,-4.2257603064816625,22.594105007565773,-7.410356082396504,1526581041.650184
-3.426879882620348,-18.16141030507317,15.671975533738978,-7.129225422073404,1526581041.744804
-3.426879882620348,-18.16141030507317,15.671975533738978,-7.129225422073404,1526581041.787563
-2.5721839466006498,-17.45566020571533,16.590422676695532,-9.908099365620103,1526581041.822564
-2.5721839466006498,-17.45566020571533,16.590422676695532,-9.908099365620103,1526581041.855587
-2.5721839466006498,-17.45566020571533,16.590422676695532,-9.908099365620103,1526581041.884867
-4.2492129435136,-17.92528145557438,16.29909228449905,-4.5560839377777995,1526581041.919906
-3.431708696262608,-18.186941066932718,15.88286448800034,-7.133496653931616,1526581041.958204
-2.5764221383744497,-17.472786760412202,16.801283581761634,-9.911194783068055,1526581041.996033
-2.5764221383744497,-17.472786760412202,16.801283581761634,-9.911194783068055,1526581042.035196
-2.5764221383744497,-17.472786760412202,16.801283581761634,-9.911194783068055,1526581042.067284
-2.5806737632463776,-17.48954577219886,17.01221620589266,-9.914246700306336,1526581042.113892
-2.5806737632463776,-17.48954577219886,17.01221620589266,-9.914246700306336,1526581042.146063
-2.5806737632463776,-17.48954577219886,17.01221620589266,-9.914246700306336,1526581042.162898
-2.5806737632463776,-17.48954577219886,17.01221620589266,-9.914246700306336,1526581042.197229
-2.602394323730399,-18.874680380806403,15.576725936100253,-9.820487919104409,1526581042.23446
-3.0553426561780035,-14.977423626302198,18.308975006922886,-6.654094963826196,1526581042.25678
-2.188832674686858,-6.944504399521902,24.765066306926215,-10.830218567259834,1526581042.319757
-3.23702869863315,-18.28470313058976,16.51547246003156,-7.203186760589773,1526581042.389915
-1.1709637950788916,-21.20624096469379,16.018046155356302,-10.056310773880114,1526581042.587773
-0.8879382920793351,-18.740448297968666,18.1373579323515,-7.147492746949354,1526581042.72596
-0.0004306041653103776,-17.860284969201416,19.04246787382957,-9.965723876561412,1526581042.757073
0.25046866714127847,-4.022075362691513,25.784490704077765,-12.888204231488743,1526581042.832405
-2.5675803344935284,-18.18954795814342,18.546989490341712,-4.6448357083252745,1526581042.893522
-1.5427467459936541,-17.58426820006859,18.661935347991985,-9.993080809378313,1526581042.931978
-1.5427467459936541,-17.58426820006859,18.661935347991985,-9.993080809378313,1526581042.965935
-1.5427467459936541,-17.58426820006859,18.661935347991985,-9.993080809378313,1526581042.994509
-3.170245822529155,-4.475803952553323,24.29339364089178,-4.660411259900428,1526581043.093897
-2.149348362166685,-21.19452748932625,16.19812788118793,-9.592448852622283,1526581043.128172
-2.402145644952678,-17.606965474462953,18.492219914494967,-9.98600748172177,1526581043.161082
-2.7338824064695033,-6.140190658240218,25.82065448026634,-6.074346660286267,1526581043.206603
-2.514216705397114,-5.1789139357331155,25.910874755521785,-8.184658263616456,1526581043.225187
-2.8784213083047936,-23.78470000970879,13.695048544038317,-9.698226706576435,1526581043.392637
-2.046138734243004,-20.812843559895207,16.284742327056858,-12.001849109797575,1526581043.529928
-1.521054718626381,-18.767056310735676,17.22406277146539,-14.942026848993777,1526581043.633382
-1.521054718626381,-18.767056310735676,17.22406277146539,-14.942026848993777,1526581043.667808
-1.6464852471934504,-17.26681699227168,18.527083962678617,-13.618611024291766,1526581043.70175
-1.106002288914108,-18.753469381887943,17.39372473217772,-14.831437426427243,1526581043.736081
-2.6099824734953185,-7.647678375368117,21.85803254002111,-12.084775547011219,1526581043.772663
-1.3408807140564067,-13.138222006850446,20.248576072410415,-17.529646204360432,1526581043.799181
-4.76983520600236,-3.535505744762583,23.850381347080262,-1.7055692320348896,1526581043.864141
-5.106962924921325,-4.675547079797249,23.40955258140457,-3.7702280182147945,1526581043.93118
-5.64645030707928,-3.7148193408916867,23.534009377691937,-1.7506307855132377,1526581044.034486
-3.6122730965281225,-18.771914988373506,16.39424923264853,-12.284075359074762,1526581044.101926
-5.429749428303438,-3.8556440304653528,23.365358168657167,-1.8585305590808048,1526581044.169678
-4.6732373355507715,-4.928515320029735,23.047663927499414,-3.9877905965353193,1526581044.203155
-2.3415411967319604,-15.514612255245432,18.086936971728388,-13.051254484464721,1526581044.269923
-0.7026139194597454,-13.888686827808604,18.539868322314675,-17.362923511572347,1526581044.368668
-0.8838002402406995,-15.459984165724931,17.391950304574596,-13.214162659783625,1526581044.467413
-1.5855360529198066,-18.70656787070971,14.70076340023109,-9.812185387018559,1526581044.604293
-1.349557566684402,-17.40034658337639,16.124489292418623,-9.994453275644958,1526581044.649033
-1.0475420175736365,-5.609774145314316,22.91070595838811,-11.836675723880859,1526581044.715707
-1.0864161242247339,-5.866611173000735,22.634193150085647,-11.562567299015285,1526581044.804694
-0.20375506093199164,-18.279776539692072,14.498591147944474,-12.352957631299034,1526581044.834782
-0.3282805260591511,-18.604350152627447,13.842478793317245,-10.151921788666016,1526581044.87425
0.22899056233903822,-11.052236774693009,17.73837687490621,-10.637923154807538,1526581045.039969
0.3012642667001028,-18.542240669979144,13.417944662021625,-10.323972185435707,1526581045.07492
0.3178063250658346,-17.328041135283446,14.841286544259852,-10.394542669133529,1526581045.111684
0.03035536537637676,-15.593047550580373,15.1716587763587,-10.017324236380574,1526581045.139804
0.9142192479925975,-12.815533733748467,15.889536403465753,-14.537883783998609,1526581045.378036
-0.008390197965196522,-18.424589196088274,12.464509436252557,-10.506478026584716,1526581045.48131
0.2561190194771594,-6.706276531014261,20.05167535843125,-12.897385375973897,1526581045.512221
-0.9547539993790446,-6.90190463944029,19.90118610160251,-5.785822717986207,1526581045.58605
0.006432723183560918,-18.306522832377098,11.839045172517373,-10.503899077194689,1526581045.710003
-0.5954917788870326,-5.967868456525866,19.669511352307904,-8.706465699162948,1526581045.777979
-0.27001124124028264,-15.519634856908413,13.56802935029475,-10.12057444262905,1526581045.844587
-0.27001124124028264,-15.519634856908413,13.56802935029475,-10.12057444262905,1526581045.881869
-0.27001124124028264,-15.519634856908413,13.56802935029475,-10.12057444262905,1526581045.917919
0.011374275884053153,-18.26641487574824,11.630736915251047,-10.50304781244401,1526581045.956605
0.011374275884053153,-18.26641487574824,11.630736915251047,-10.50304781244401,1526581046.044491
0.11560486802008418,-7.039097560030767,20.60568721433656,-12.122958877325658,1526581046.083873
0.09420467695498147,-6.825026567621219,20.984631016410887,-12.108286902251876,1526581046.318728
0.09420467695498147,-6.825026567621219,20.984631016410887,-12.108286902251876,1526581046.350622
0.09420467695498147,-6.825026567621219,20.984631016410887,-12.108286902251876,1526581046.381855
0.09420467695498147,-6.825026567621219,20.984631016410887,-12.108286902251876,1526581046.417134
0.09420467695498147,-6.825026567621219,20.984631016410887,-12.108286902251876,1526581046.45912
-0.2928833999924113,-15.591027066178576,14.199409764762132,-10.125649887479398,1526581046.494295
0.07698389817060058,-11.128274633643128,16.582864112264946,-10.720658682882743,1526581046.612274
0.07698389817060058,-11.128274633643128,16.582864112264946,-10.720658682882743,1526581046.624326
0.07698389817060058,-11.128274633643128,16.582864112264946,-10.720658682882743,1526581046.651155
0.07698389817060058,-11.128274633643128,16.582864112264946,-10.720658682882743,1526581046.684036
0.07698389817060058,-11.128274633643128,16.582864112264946,-10.720658682882743,1526581046.718367
0.08350482124601366,-6.717291532419948,21.17375093629926,-12.100947469059946,1526581046.754209
0.08350482124601366,-6.717291532419948,21.17375093629926,-12.100947469059946,1526581046.790495
0.07698389817060058,-11.128274633643128,16.582864112264946,-10.720658682882743,1526581046.822901
-0.8162725611784587,-12.665188134274903,15.520759613547163,-6.509382796156899,1526581046.889375
-0.8431247679601059,-18.033045258765537,12.949477747276786,-7.777455964643252,1526581046.987393
-0.8431247679601059,-18.033045258765537,12.949477747276786,-7.777455964643252,1526581047.026664
-1.3979792641561728,-18.85391916093512,12.066217577219396,-6.256678961627841,1526581047.062067
-0.8431247679601059,-18.033045258765537,12.949477747276786,-7.777455964643252,1526581047.097063
-1.3979792641561728,-18.85391916093512,12.066217577219396,-6.256678961627841,1526581047.130062
-0.49633504290848,-5.6074226589568585,20.335035178195184,-9.569327776824366,1526581047.159556
0.08350482124601366,-6.717291532419948,21.17375093629926,-12.100947469059946,1526581047.221728
0.08350482124601366,-6.717291532419948,21.17375093629926,-12.100947469059946,1526581047.259135
0.08350482124601366,-6.717291532419948,21.17375093629926,-12.100947469059946,1526581047.300131
0.08350482124601366,-6.717291532419948,21.17375093629926,-12.100947469059946,1526581047.341825
-0.300504036660153,-15.61409279355342,14.409993253331894,-10.127348557616472,1526581047.375287
-0.3081233001011244,-15.636792568936606,14.620639774395174,-10.129049700236862,1526581047.476663
-0.11268308131117488,-15.688252096936928,14.707842498529489,-11.00206151767182,1526581047.507569
-0.13703182381083456,-15.754393155798951,15.340179071663412,-11.002364189005505,1526581047.556633
-0.15328479339628165,-15.796648229247765,15.762068981537164,-11.002588944857592,1526581047.601303
-0.577020083761395,-3.9891371329036325,21.417357132908833,-12.855968081131152,1526581047.629942
-0.3002003451558978,-3.4531523564051394,22.81981276969134,-11.519959985082949,1526581047.662613
-0.1899903286238992,-15.88544407210281,17.160745801397283,-10.202041689015289,1526581047.697298
0.2080019387986939,-11.07072472528209,19.73775118038558,-10.806647476051609,1526581047.731921
2.8633028201135304,-2.5980180869033127,24.208055920807286,-13.976706090203237,1526581047.821931
2.6790369736675927,-2.570709633507814,23.667347499310065,-15.036130973589678,1526581047.861924
1.9801809264016117,-11.004802865389655,21.36256361115674,-10.884354113289163,1526581047.897639
2.9632389799554018,-11.115041748739772,22.62334097448478,-10.958234021479853,1526581047.99239
2.3262072635764444,-1.3261436223165912,25.699167612426354,-14.658751519316809,1526581048.031581
1.4949379451582974,-10.81138282623706,23.846713155821643,-10.982754262359265,1526581048.068434
1.2733413450408193,-2.510727954011071,26.273906869088574,-16.705584726733463,1526581048.105657
1.4537589228286043,-0.5217192742684897,27.16696381682458,-14.042426170869845,1526581048.135782
1.619978035446639,0.25709772745046955,28.490927870385676,-14.098715573636866,1526581048.22993
1.606111372523157,0.4789453873613425,28.86718636816895,-14.08598258757084,1526581048.261928
0.36991118541007895,-8.671530142838836,28.23948618064602,-4.3564561012836975,1526581048.335383
1.7292568533797006,0.167085165283547,31.460954177924528,-13.016328243188866,1526581048.395799
1.8099492844874043,-12.840648362211311,28.06200580624748,-14.72194833844145,1526581048.433269
1.8065296320234594,-20.02716832250717,25.052801314709942,-10.862303619184019,1526581048.473011
1.9204016255550334,-10.310738857282153,29.563426577992296,-11.18662482997263,1526581048.503917
2.0164952394278806,-20.075455728891637,25.69405890958444,-10.92518813848298,1526581048.53351
3.4239684176219027,-5.8262400157724015,31.30400581401297,-21.032203376575495,1526581048.568232
2.81007944065846,-12.804551810944329,29.849527425234545,-18.25857383949827,1526581048.600967
-0.0912546376504626,-1.0479832543363417,32.632450089730966,-11.133359384333033,1526581048.631383
-0.11776639717374149,-0.9989287053792874,33.0601393213084,-11.136427650456369,1526581048.663284
-1.0175515408389673,-1.2985547517208695,33.52418550360343,-11.105589046293176,1526581048.695916
0.02273920118764705,10.3400541342879,32.001013429699384,-12.658258136097231,1526581048.734158
2.22901330038656,-1.4842821809229,34.43043834032935,-17.8341247846505,1526581048.83273
1.107195477239217,-9.991359954433065,33.07825859541658,-11.218856133022683,1526581048.869106
1.0591752636993774,-17.909348531613478,30.695778501427185,-10.994542562707665,1526581048.904732
0.07245347618969067,-10.144183397036077,33.37291743075495,-11.150606213629004,1526581048.941371
0.07245347618969067,-10.144183397036077,33.37291743075495,-11.150606213629004,1526581048.979047
1.3922881649987207,-5.400442242500961,34.473596811555794,-20.143389770240162,1526581049.036275
1.0952164198186536,-9.946315566971077,33.49803749585866,-11.22275975256693,1526581049.073785
1.0891950799180377,-9.924150123041589,33.70769475244101,-11.224515848837598,1526581049.112825
0.45911568156329596,-12.461131846362612,33.15284586722342,-8.425857745815762,1526581049.168317
-0.2031853948412521,-7.606743204991882,34.51256470359082,-4.735698590123832,1526581049.214012
-0.4930248420932668,-12.367989386671798,33.37862277887183,-3.7529052879670246,1526581049.246277
0.45423514844436896,-12.4478287534644,33.365319430919264,-8.429749948276225,1526581049.278154
-0.26838218869022756,-14.816130712613086,32.39338133716457,-5.814953779329443,1526581049.322635
-0.17404051979591184,4.487836454401698,35.09781530135229,-17.261026628284185,1526581049.371887
-0.1959507849140154,4.767188315634165,35.14729637902745,-16.07263901039491,1526581049.40817
-0.5664076566246956,1.8287701674283106,36.087505351235876,-4.087239752851218,1526581049.470193
-0.6048862834659212,-12.613126974473696,33.42425207419579,-8.36624239411475,1526581049.506082
0.195652029763687,1.871572488613511,35.45491127046267,-15.63043880610087,1526581049.570477
-0.9892042315887111,-1.7723340777230425,35.95299599083624,-2.6265656125603414,1526581049.64351
-0.41180634469738286,-7.523237971748566,34.718507723013126,-4.718434399042479,1526581049.680867
-0.9658200003440598,3.963493653885278,35.55532660152903,-17.63522403727481,1526581049.748488
-2.7566462243733625,6.730566883158166,35.38530423453495,-19.16606214355579,1526581049.838165
-1.501401649143248,-7.677873003137831,34.569436618021946,-4.519824719609858,1526581049.910227
-1.2237218892958222,1.7050492898322283,35.67306770160257,2.108610347363282,1526581049.957697
-1.2237218892958222,1.7050492898322283,35.67306770160257,2.108610347363282,1526581049.989569
-1.2237218892958222,1.7050492898322283,35.67306770160257,2.108610347363282,1526581050.015603
-1.2237218892958222,1.7050492898322283,35.67306770160257,2.108610347363282,1526581050.046142
-1.5250447285518989,-14.932713479333469,32.21234782754226,-5.717768462604823,1526581050.091465
-1.459676743954391,-8.045643378051297,34.25650669097581,-3.406027715711531,1526581050.116795
-0.8714069789145502,2.8729818967230054,35.11213750371525,-16.66989195154801,1526581050.183603
-1.9233602484886512,-7.181438321101062,34.63786972715809,1.3586938022494337,1526581050.304572
-3.0467010181079273,-7.3623465647787425,34.44509715320518,1.5740885227508272,1526581050.344151
-3.0467010181079273,-7.3623465647787425,34.44509715320518,1.5740885227508272,1526581050.380275
-1.9016256111818928,2.2695885239063456,35.01561474103977,-16.14817139025851,1526581050.45392
-1.0070059609261612,-0.21729198185370535,35.13258307593232,-23.021728113234104,1526581050.487561
-1.0070059609261612,-0.21729198185370535,35.13258307593232,-23.021728113234104,1526581050.576221
-1.9016256111818928,2.2695885239063456,35.01561474103977,-16.14817139025851,1526581050.619197
-2.1141926765022814,-4.429624800532073,34.915909329660394,-2.851880566123981,1526581050.692052
-1.1899849535201121,-2.830991628968551,35.212529400523124,-18.552220792058904,1526581050.756123
-1.435287033985313,1.8332545136442844,35.86755746865372,2.1588521268731427,1526581050.853731
-3.3279254097288367,-5.186645384420384,34.950240395033745,7.311263646788831,1526581050.89288
-3.51015158557175,-5.073495112212209,35.27256529891186,9.656341734424728,1526581050.928587
-1.7246079679108985,3.398821828244067,35.72312656594405,10.652345960668526,1526581050.967868
-3.3193653071357323,-5.044703526294866,35.37221983333624,7.291783278312835,1526581051.007087
-3.314655875652626,-4.972432614355656,35.583158841028485,7.281018623400541,1526581051.042329
-2.50578527791779,-0.19810680629202793,36.56292875199588,-22.319121472371563,1526581051.15531
-3.057367553876816,1.6394676691868035,36.894634210222115,-23.994710429706515,1526581051.184945
-3.448396057745474,-4.115250017218898,37.67516759851493,7.1971825897364,1526581051.318671
-2.8397783725242847,1.9178766524355564,39.99618248255995,1.603574929764335,1526581051.416482
-3.7209687236348725,8.855029144018118,38.14401959105077,-19.528742127389563,1526581051.488487
-4.313218963850445,8.732006830016708,38.42130809317661,-22.970232409219648,1526581051.519684
-3.441687243143979,-6.729220358610681,39.46376571813618,0.8266948397985914,1526581051.586895
-3.7367926304066996,-2.4078794104897807,41.31367563321837,1.5782906218916537,1526581051.682133
-4.7434616486994585,-6.211895366710008,40.13058388634684,4.707550090481931,1526581051.790142
-2.6001336544204667,6.8299933988358585,41.68685185251361,2.5189750328798084,1526581051.825543
-4.271251356373064,-4.149836954247703,40.37455588653589,5.854547368012248,1526581051.925433
-4.271251356373064,-4.149836954247703,40.37455588653589,5.854547368012248,1526581051.963255
-3.277502198144777,4.626185132777774,41.55683945461148,6.7453282259668015,1526581051.995498
-4.7428842486672025,-6.26817996479394,39.91286518159309,4.7415011522851955,1526581052.158441
-4.7428842486672025,-6.26817996479394,39.91286518159309,4.7415011522851955,1526581052.196542
-4.7428842486672025,-6.26817996479394,39.91286518159309,4.7415011522851955,1526581052.229813
-4.7428842486672025,-6.26817996479394,39.91286518159309,4.7415011522851955,1526581052.269311
-4.7428842486672025,-6.26817996479394,39.91286518159309,4.7415011522851955,1526581052.293977
-4.7428842486672025,-6.26817996479394,39.91286518159309,4.7415011522851955,1526581052.326078
-4.185239794332399,2.4952238766362247,41.62763776915991,5.582905791410099,1526581052.360399
-4.742086647172013,-6.323903397071294,39.695234393712866,4.7739412257415665,1526581052.459262
-3.2657710397069866,4.454133032146827,41.12264916684062,6.812142756216815,1526581052.499287
-4.742086647172013,-6.323903397071294,39.695234393712866,4.7739412257415665,1526581052.604791
-3.987788698916448,2.409133096052091,41.65130027017779,5.521465222540115,1526581052.641928
-5.074971882957302,-10.497214467101415,38.95149384492229,7.345378264521656,1526581052.673231
-2.7141622482210463,2.8697017261042794,42.01199164301238,5.393557351478876,1526581052.763668
-2.7141622482210463,2.8697017261042794,42.01199164301238,5.393557351478876,1526581052.796689
-4.02560714515162,0.015286423587878462,41.33997398929016,5.638172879159839,1526581052.836987
-3.939307715220928,-2.3367532540334413,41.29932935955024,1.6329104863345663,1526581052.938378
-3.6191431978884996,-6.064043730331096,39.97529566766492,4.64090552190757,1526581052.965607
-4.409623272888476,-5.4125729740476825,39.9957912983511,9.028506078234216,1526581053.001369
-3.8536160051940467,-6.510996991129797,39.87479168634148,0.8643365331120378,1526581053.101912
-2.879976463096154,-7.109353523846288,39.746043727764814,-3.5856256872415884,1526581053.128378
-3.4655780357326793,0.6888695835162479,40.96316166364489,1.8705019529372748,1526581053.297923
-3.679354848349516,7.054028851778696,39.3725973858365,-19.65889380094069,1526581053.366317
-3.678882747878711,0.8121476344101659,41.16574821749165,1.893761196622762,1526581053.470163
-3.351468643420267,10.187516105422533,39.18568415566982,-16.270781658770886,1526581053.602324
-3.325077096497342,10.016388100771131,39.02692306403861,-16.300167416080654,1526581053.63305
-3.0016878397947555,-8.02125236673766,39.4789196472286,1.1475500549205435,1526581053.706866
-2.686744592772003,0.972450318129967,40.56866544771383,1.9431060737441328,1526581053.805917
-5.903030078926501,15.407698523490856,36.31619541160794,-20.102801860381533,1526581053.876434
-2.696768561542009,6.271408064356056,38.057903137410726,-20.434687918256287,1526581053.91071
-2.650042545958081,6.377898176820368,37.86069480904368,-15.907020835247607,1526581053.946865
-1.4918621167055304,6.596942476511487,37.779045445121426,-16.619230971251852,1526581053.979438
-1.4737024529692895,6.450445409416037,37.603454290026676,-16.64337706290536,1526581054.006709
-0.11502050267662933,-7.352214759608752,37.004450947360844,-3.459298209340716,1526581054.067676
-1.8285192129642525,-5.928148250109796,36.82753120448116,1.3503026325799112,1526581054.101756
-2.8469874751943607,-7.145332647500126,36.10899912757899,-3.042637347253134,1526581054.139505
-3.449257165159396,1.7652718703718868,35.86267729321483,-13.779089185547775,1526581054.215174
-5.659215288923596,-11.461317604370771,33.54430843938032,-2.6780677392740415,1526581054.280854
-5.863862291053597,-11.40749971485066,33.53960427261586,-2.627844382639438,1526581054.314551
-7.692093281604524,-14.680142244521623,32.37178421676533,2.125796919126117,1526581054.345571
-7.314303511191396,-21.861115591651593,33.0814163984966,-4.7327027053952975,1526581054.577937
-6.712622578696226,0.5623456611950672,39.85784308289008,-8.4206631047457,1526581054.608503
-6.25702193871468,1.1818441080630002,42.333928503761996,-12.242315726286648,1526581054.673887
-7.375550918705868,-2.614087013802262,43.75973842341375,-8.100222096345476,1526581054.741399
-8.445423194303276,-2.2223446176162156,45.009716390603536,-9.10028796732675,1526581054.77805
-10.314577856997335,-0.6539471063091753,45.52520242633448,-3.17884350526424,1526581054.816175
-39.23464032077513,-29.397835619614387,6.2284081329272105,-3.671788950182844,1526581057.225242
-41.31015236241341,-15.307349643317657,8.378815430382225,1.4122256044538801,1526581057.29186
-1.8270795568023246,72.86572436680079,51.49460692990057,63.61534369102813,1526581057.899492
-0.9501122287844197,72.35813226374624,46.502386445291435,65.06397292869973,1526581057.934055
-40.5934810877243,-1.1699246379599926,-27.70283455075279,-31.808894727835366,1526581058.536965
-8.472100546925851,47.26212035931527,-1.1007694907351535,37.02695438607677,1526581058.599012
-40.730600529315,2.401649365603434,-25.33038072533794,-29.135336129426918,1526581058.805242
-42.61821245013692,9.03694265613562,-25.584374583527648,-26.23048996784479,1526581058.905487
-43.75773929931802,11.13304688396698,-24.901228097820034,-24.477583529406502,1526581058.935766
-41.272165873047555,6.34249037159069,-23.97532448520475,-24.082461708675083,1526581058.980748
-44.17163999872824,9.871307128385569,-21.828081913025045,-27.000478191326238,1526581059.003057
-44.835707923377036,14.785016043913458,-25.809857263433692,-25.10118820052412,1526581059.04521
-9.910895036487819,51.57399149828988,-1.3802077744099748,29.506532291688984,1526581059.102742
-42.927372305326315,20.46408279824625,-22.051831898675907,-21.022529829957335,1526581059.240394
-41.87514907692129,23.196416077203065,-21.99640667893938,-18.427445202445114,1526581059.372352
-39.69778812341823,21.51927234418554,-20.845946147050455,-14.917230804268655,1526581059.409655
-23.100788145135603,43.75825142815138,7.491101095015281,17.417500065466953,1526581059.513261
-21.4261477979703,44.3285986338462,3.741378140769367,19.741160735220575,1526581059.611698
-23.788910194043595,43.315316171189934,6.392488393374862,16.768043303842973,1526581059.645775
-17.8487381244496,48.996744757831166,7.913015644333903,22.482075467764787,1526581059.810998
-50.323088637601145,32.736177905604755,-29.416160732356456,-23.408599392077406,1526581060.115256
-42.66919106585486,20.936883937993983,-28.621169851348334,-20.753904114413046,1526581060.314062
-41.63275019885611,25.458385287709,-28.265615169172527,-15.57404428557524,1526581060.354247
-16.698776627259342,46.17469585324979,-18.173629738009133,23.642646812847772,1526581060.420632
-20.94865013339821,35.32279856054733,-20.68955113729912,24.15187056586379,1526581060.520605
