-8.712881522391296,-6.24277849248082,32.761936081881444,-1.1162628768441891,1526577715.273972
-9.165352397984423,11.591390818412465,30.32692287628056,-8.983508105900597,1526577715.302146
-8.971789275598343,-5.815970364713869,31.527712964151885,-4.546022630388251,1526577715.342233
-8.983547847623704,-8.447590292084596,30.161430038832002,-2.633401330363114,1526577715.370135
-8.592443498807002,-9.422232200034841,29.103883667167835,-4.6541610445052015,1526577715.408341
-8.103221606020588,-7.958110202828924,28.757867986244374,-4.195190705395476,1526577715.43505
-8.18331781684518,-7.898249201968202,27.788360835945934,-4.026459879596047,1526577715.470186
-8.574314845915996,9.593557921156101,26.055683100476234,-9.111855011811258,1526577715.500706
-8.439596381807734,-5.139762349245605,26.53634189269407,-3.5633647066289313,1526577715.534068
-9.162240489514772,-8.382311733730617,24.024403034671735,-5.0094182994868675,1526577715.567094
-9.530597846362124,8.70449480775917,22.533741750806666,-7.898157067226748,1526577715.597593
-10.817399156032128,-3.646154799472642,22.196540750414385,-4.4737462676378925,1526577715.638369
-11.846379867271416,-4.4507865691567225,18.42544110405508,-6.415666459102027,1526577715.703584
-12.128092168281292,-7.559697774933332,13.53558447230088,-2.5714449754186717,1526577715.776289
-11.990810841527576,-5.346440884014683,13.028290177265754,-1.977878598931909,1526577715.803125
-11.837308823806692,-5.641215207094378,11.643803708572031,-5.5913799474694486,1526577715.838639
-12.10247248954761,-2.5069306920887087,11.08982983209534,-1.6007579097208406,1526577715.876062
-10.831960142127823,6.419884289021054,7.471222352712182,-11.790230303448936,1526577715.957003
-9.338865578495444,3.453536908383424,8.273214325580444,0.8215576232436206,1526577716.013327
-7.57195824135132,4.933057667539595,6.910959454879672,1.3302755132905304,1526577716.125667
-7.798572117312097,7.4342663224919034,3.4881440451697534,-6.108003934587373,1526577716.273931
-7.9632540847466196,7.678889148499688,2.7098425293361506,-5.892305279553824,1526577716.313129
-8.237073293866626,13.729941261500342,-4.3933280031916855,-6.478460432243423,1526577716.354339
-8.364123072926597,6.989411292019385,-3.222622656430204,-6.579082698812897,1526577716.383966
-8.345560143351243,8.269035672035532,0.15949666136331642,-5.97720634987121,1526577716.415141
-8.747188988605519,7.44819074334153,-3.1819300889915234,-7.962819380726472,1526577716.450424
-7.825851808454846,8.68690874620371,-1.159813950389324,-1.6123384703692807,1526577716.479048
-8.96756545141112,4.708601786035426,-4.559775408919014,-8.782149900831712,1526577716.508377
-9.309168398504772,5.045352377841038,-3.7855826255663065,-8.616119311213822,1526577716.613177
-9.91312464399058,1.2806729744362804,1.2701467029611198,-12.905202944783582,1526577716.779171
-9.869088669816927,1.3979875543667362,4.610615248842803,0.002334944123418836,1526577716.848278
-9.84665112571779,0.9913969194517435,6.530918597575742,1.2462060404087083,1526577716.884796
-10.0166141456403,3.0271528398614977,7.671988380713073,-3.7669820735327733,1526577716.929959
2.4703752755014197,0.3364075523882999,29.259456105630605,-0.7171514913729027,1526577717.185927
7.978887480771235,-9.590835384301295,29.6586378134564,-24.253934733187066,1526577717.249612
9.681585898969763,-11.824144663415696,29.350693054634398,-26.2431752629316,1526577717.284922
10.147012929967218,-10.0774445387902,30.15170952160658,-28.74562137206712,1526577717.320358
9.596273647615163,-13.477427496008142,29.02499825247392,-23.64483856908197,1526577717.354012
8.760597974225146,-11.582797993762323,29.63839740605108,-23.976164962919142,1526577717.385941
8.25677894648068,-11.626770961023217,29.06670119778953,-24.525320701856486,1526577717.415111
7.039486498458839,-11.348017094328384,28.417290215993393,-24.647102081009763,1526577717.448231
6.374479060427397,-11.329219740843037,27.551651875006737,-27.40906423885798,1526577717.477652
5.8089491303747645,-11.49262974567887,26.085207214996885,-25.58000550003797,1526577717.513246
5.810251358822305,-10.99792129287015,24.798834944047783,-25.904775585967855,1526577717.559597
6.347771220580222,-11.672506148361665,22.84856361429625,-26.317704399821196,1526577717.583771
5.916868821033805,-12.662822976608762,20.803301348889264,-24.02037620271605,1526577717.62071
5.474305349556738,-16.580585827373532,16.309359537275093,-21.710463980813927,1526577717.656381
5.413603141084208,-11.163731394440834,17.45789599516775,-24.57957194976717,1526577717.683314
5.183186418831976,-13.857454058763384,12.032463897641446,-22.43776963946698,1526577717.748217
4.796931724367042,-12.973721500935508,10.5064019747322,-21.286702653590538,1526577717.791139
2.865892274978823,-11.774402901894252,5.409420501526719,-19.62140946043192,1526577717.894868
-2.551306304532813,-14.415999271601443,-15.459910620927523,-12.502703940319861,1526577718.152377
-3.5821464904003455,-12.98477551323838,-15.996459424476019,-10.041215476055669,1526577718.188899
-2.3323396810027535,-15.82472068669221,-14.162826659610495,-16.76184011552209,1526577718.238346
-4.351189659567888,-14.621966169056487,-17.270825365135888,-12.198993207288822,1526577718.256238
-3.5527090432329924,-22.221978415103187,-19.81676984571613,-19.56154693046767,1526577718.355136
-5.281617242228126,-24.67670177090935,-18.390422930958028,-16.104792272314455,1526577718.390976
-3.336191474129253,-26.148438010402852,-20.137369071557984,-22.175182483113787,1526577718.427383
-5.51674924980329,-27.005825545905285,-19.266185495200958,-18.110477272475094,1526577718.456555
-6.52275281690455,-28.944703098435387,-19.061373076286255,-17.677460265974247,1526577718.492148
-7.796246208818211,-30.755142750141722,-17.298393874354904,-17.014016222837824,1526577718.523427
-21.447773505098496,-16.12539088228585,-27.012671758466375,13.26857186284559,1526577718.58594
-7.7762578322757765,-36.38002921164231,-13.549793054685916,-20.042712268661546,1526577718.65981
-7.3864435304946054,-37.261156601690836,-13.118977488345761,-22.458660817306964,1526577718.692815
-3.0939951489954076,-44.58828737574294,-4.286965504550566,-25.941264341632262,1526577718.73354
-10.041444257271412,-37.518987653596305,-10.691894788759868,-20.153856066557466,1526577718.766957
21.40971007688706,-31.770616427024052,-4.973536686452341,-43.02462121231227,1526577720.006848
21.607333401114726,-31.911143846178167,-3.64035575740221,-44.86191779295066,1526577720.058531
21.179730357900738,-30.904683039750722,-2.088575168034575,-46.994728987689996,1526577720.084701
20.396538853907785,-31.98934264125691,-1.518921928619232,-46.40461740600347,1526577720.102956
18.343676505119397,-30.875677419773176,0.8430832458532667,-46.93373883108822,1526577720.140911
18.712804831987803,-31.235202215388668,2.2521286040572406,-49.0989787681261,1526577720.170178
17.9353720236264,-31.624182721536307,3.363035538107006,-49.702685869011304,1526577720.200934
16.235665932241623,-31.814338118014494,5.015009914052527,-48.564909432059125,1526577720.234349
17.353722432170038,-32.09061920294977,5.812736538677398,-49.88532278447019,1526577720.272737
16.29424926069407,-31.80101331790679,6.862565550400748,-49.20694183048704,1526577720.299837
14.124820042915836,-31.869586969861555,8.137042541047677,-48.264648124570186,1526577720.33235
13.46533548696419,-31.920674687762702,10.014476810058301,-49.36702864172821,1526577720.365733
13.020037011509775,-32.43191760988357,10.859804409933481,-49.17510486220448,1526577720.40179
11.803069634470097,-32.880246629252376,11.49492305105748,-48.42353039366887,1526577720.437117
11.385878240813984,-33.16273781401793,12.546947786935291,-48.21232343593141,1526577720.47766
10.06270950815695,-33.16904375468085,14.22358520576451,-47.322201412997345,1526577720.512631
9.35826940509742,-33.19452121363291,15.902210331556793,-46.454708914853285,1526577720.545932
5.872702733555356,-33.44937865510461,15.869998184836211,-43.23420923414301,1526577720.567505
2.358062733918839,-33.9220539766938,18.22154670719911,-37.703725350111,1526577720.637786
3.983703431234643,-35.67415658166528,18.970001448872264,-36.51233449331369,1526577720.671143
6.205721328757062,-37.094333070632416,18.914047197452067,-36.42882315572504,1526577720.708826
4.539347026227683,-37.79391102282527,18.68372402932381,-33.61716470084173,1526577720.743018
3.9577780008017536,-38.16429468333313,18.483930711514247,-32.60414617408006,1526577720.790968
-4.1960538119437825,-30.054454980297816,16.194627426361258,-25.299864894304818,1526577720.973245
-4.553830628653432,-28.493116576893637,16.15312377319586,-23.869742278019004,1526577721.012149
-6.208991881103875,-27.809086604344387,14.037609951317114,-20.399821456863776,1526577721.049252
-6.349194875283731,-26.775417662685843,13.628474838425003,-21.407741459029154,1526577721.084469
-6.32326361986213,-26.833001206339585,11.870560772728176,-20.94827243639415,1526577721.110345
-5.732949743093852,-26.859901995447938,11.546309721426741,-22.232281924680933,1526577721.154566
-5.5794163915489365,-25.79269576313512,10.932191555430638,-22.19201756965316,1526577721.179523
-5.343046379833737,-25.61572948723092,9.865889658603194,-22.363772224621272,1526577721.217212
-5.077916621752491,-24.66047239577678,9.144153690794676,-22.34763058319797,1526577721.24716
-3.093570608085294,-25.383651851325602,8.538819207714239,-25.621879566870945,1526577721.280394
-4.487662436730616,-24.896742331121136,6.611969064597159,-21.75270194984691,1526577721.313156
-3.324724559117546,-24.463962968417018,6.691512605439302,-23.5680590655588,1526577721.350842
-3.9237996762137235,-22.84748594220377,6.488962786990101,-21.57825248337278,1526577721.381203
-3.691795411657096,-22.319295852152898,6.199448510982078,-20.910480764992258,1526577721.413818
-2.7020914314212634,-22.49160767346287,5.621033606473731,-21.99323923611817,1526577721.450268
-2.3232219124202143,-23.015601091830376,3.9358648054287655,-21.068553260921675,1526577721.485624
-1.3385022401780255,-22.09447841938203,4.921192873000384,-22.41487979323219,1526577721.519129
-0.6053593126521322,-22.115087515050742,4.229668445908075,-22.712527381583726,1526577721.547108
-0.25799229048200906,-21.74297853017281,3.9329630689569384,-22.041264071890794,1526577721.586352
0.31866227556279125,-21.512703675065254,3.6063716554966097,-22.295857664734143,1526577721.627989
2.123439944039435,-21.43436549399813,3.3099473496610905,-23.75649733219248,1526577721.68513
2.440289330957975,-21.824422187608523,2.467126829426596,-22.840149642106837,1526577721.721698
2.7135358991669456,-21.612625345970685,1.149881171898897,-22.04205581614127,1526577721.74681
3.814156641633421,-21.694774576871552,2.211076879203933,-23.376600630838567,1526577721.782547
4.356876306125762,-22.29578023320651,1.4125702818212504,-22.959033170056728,1526577721.817955
3.5706205727885605,-21.256138860893035,1.9865398404172407,-20.066202904492116,1526577721.855392
5.643379886187775,-22.065322190333106,2.028100211981822,-23.486609554382255,1526577721.888249
5.014672846283428,-22.303770879103634,1.2838139708921399,-20.635314212365614,1526577721.926871
2.0335249544902045,-19.651618992539017,6.8032475380583275,-11.656491570502709,1526577721.950264
6.152295812363734,-22.221912914483433,2.407595979973319,-21.081298148126166,1526577721.978372
7.93614228338588,-22.79513072757823,2.961958860889352,-24.093677057063474,1526577722.009812
7.4344643358646625,-23.207220944898335,2.8328031818234685,-21.818913364436696,1526577722.047768
8.84885958088102,-21.420468916311275,5.909139806833548,-24.730562183219234,1526577722.085551
8.150312418585465,-22.384132020862427,4.666997408349335,-21.800671966683694,1526577722.116974
9.888235026880121,-23.645987836121407,5.562470877280353,-24.744866122341506,1526577722.158192
9.025241229095803,-22.063380941782427,7.868690036481698,-22.74500505460213,1526577722.195205
9.160872785072556,-22.85093792782147,8.960393634963275,-21.481810265655497,1526577722.221818
10.507938299996363,-23.224750378269736,10.226274586363854,-24.495102809331172,1526577722.253819
10.76537593935275,-25.95076236338246,8.043688569979961,-23.474495243125943,1526577722.289697
10.711406313281637,-25.66059478199104,10.449762437680972,-23.213885608732113,1526577722.318519
10.950498932831074,-22.43401942430202,15.507129008438874,-25.004806283741203,1526577722.356072
11.601187142687845,-25.4805309460203,14.463563228273125,-24.852833728017742,1526577722.394199
11.301097678677428,-25.516056631952676,15.980285729773797,-24.177989621701187,1526577722.426893
11.378995078711643,-25.51736743054647,17.513622881437332,-24.673794169294354,1526577722.45626
11.170205054443139,-25.52309295562175,19.11230551651823,-24.52535877204693,1526577722.494493
11.669617781575337,-25.1447660570402,21.51184685024879,-26.277766458025326,1526577722.523429
11.126896087076608,-23.489971088353986,24.06676097144228,-26.224887125452994,1526577722.554858
9.570876386662873,-26.75719081154515,23.334512446153063,-23.16349480080808,1526577722.594745
9.749349681765473,-22.34647646908709,27.940274587951972,-25.928056756949218,1526577722.624488
8.524825781483852,-22.244575198457113,29.177376141759545,-24.31302813422883,1526577722.656096
27.550151738677396,25.801181321168627,-34.07363618566994,26.800528175938922,1526577725.704547
30.49105219770087,26.95874736327692,-31.015476073024814,27.174255277811596,1526577725.745922
33.837366582950594,31.640324345166192,-30.690342192633253,25.988874419664228,1526577725.781031
36.27383546605219,32.519373743020495,-28.5652322660085,26.464298345637047,1526577725.818496
40.032919571276025,39.121821570516445,-23.02501792615139,25.09837041284402,1526577725.839194
21.39033627346951,100.39597234168744,14.925117968645598,-21.74532264337583,1526577726.547156
23.736480378716184,74.3890159840959,26.548572166612264,-22.884495518248542,1526577726.780964
31.81298767981215,62.50429546962724,-12.430391176073835,-15.682377379434172,1526577726.821972
16.147769905047785,62.93029597708947,27.39629546854451,-9.916603400167872,1526577727.05078
-16.78103306537819,23.466337260554948,24.97761098849078,-31.737189110157544,1526577728.865768
-15.277452643657215,17.310554844998627,22.612969455983755,-33.32385413354882,1526577728.896433
-15.359622811125984,17.374822054149035,22.294401328477342,-33.30450931709902,1526577728.939761
-16.968438385965605,15.018173617917558,21.138193737450543,-38.880902181074646,1526577728.981955
-18.092474864862183,16.30310154062272,20.77173601409998,-39.24057168403874,1526577729.016699
-19.24168652506365,12.919886244804081,18.8528520495872,-44.27984984361481,1526577729.076226
-20.555073437198587,12.926763825146118,18.42471925866899,-46.19110058330105,1526577729.108584
-22.594551356915822,13.63505632721013,18.775083715369103,-48.376876504712016,1526577729.137874
-24.65825401008383,7.853852626833022,16.84900910085362,-58.68970427499664,1526577729.261658
-24.684973496343865,5.742163456897207,14.747811735042443,-62.40664504161191,1526577729.30459
-22.777895792331215,3.9866856645487343,13.643584219765003,-62.88445632752001,1526577729.338413
-23.43569697889098,4.10227969567171,14.109918527572507,-62.4803017334701,1526577729.371934
-22.58027232365177,1.9178835691213134,12.222541338860864,-65.36125016336393,1526577729.400637
-25.010101604695162,3.9648497601382533,12.776297982435231,-63.57699182110247,1526577729.430475
-33.43111130091326,7.882336833264223,12.145719031400889,-59.3061179693467,1526577730.609738
-33.2664195235578,9.253597074074934,11.72372880564974,-58.20721164126388,1526577730.645934
-30.880089983621446,7.7999042000624055,8.855775125798782,-58.56777587774576,1526577730.70914
-30.663745927440097,11.215616332859977,7.178534473471042,-53.68862844771243,1526577730.822155
-31.983847391016212,14.485585269129365,7.097596236031497,-50.751387224687164,1526577730.854473
-30.189525351195222,13.069298980256814,6.709860343563704,-50.22781317712895,1526577730.88579
-30.610393922442693,13.725902108937644,6.130221301169311,-48.6656072267875,1526577730.980004
-29.640638139602057,12.291068014176904,5.215263017973383,-48.35379710426943,1526577731.016665
-30.26892896062515,13.570463325714314,6.418083312359627,-46.631562474420804,1526577731.054265
-30.35764866461429,10.413203560940499,5.534537585423438,-49.96136237250661,1526577731.09623
-30.863491458150264,11.633251335919843,5.01576709198811,-47.811117322177694,1526577731.131402
-30.233844102381582,11.592571470825852,3.4227595055014026,-46.242094533689226,1526577731.160908
-29.83536513676973,11.77794822224573,3.5208912890521322,-45.315236378732465,1526577731.197634
-29.100318272299337,11.60003461375478,4.1000914036733365,-44.245266502263405,1526577731.227671
-28.872553955572794,10.35646566370582,4.48739555073621,-45.40912042147272,1526577731.265376
-30.01029948566822,12.323070176258868,4.975210955181936,-44.193107132363735,1526577731.316032
-29.653394849737786,12.360040188187146,5.041826845203264,-43.295227766210616,1526577731.336986
-30.93993984692331,11.758379008801317,4.252566403803661,-45.71836972363076,1526577731.369985
-29.7710216834547,10.705898441217407,3.4217536678961493,-45.84159849259325,1526577731.410283
-29.015531296054615,11.286300540406963,3.6631796000402304,-44.2448730515209,1526577731.44285
-30.765726220624938,12.890853681165705,3.64981118049945,-44.67862738128903,1526577731.475401
-30.41540663434411,13.799763263585774,3.082965855554176,-43.402888571416696,1526577731.510403
-28.605612418542467,14.304698978804845,1.4480828638381062,-40.54819812673395,1526577731.534593
-28.601562688761685,15.670495547090978,0.07465412392668469,-39.38239873697478,1526577731.567039
-26.461460168525626,17.68120974448029,1.1253583699279286,-34.6113748340988,1526577731.613955
-26.644529279565187,18.212419684035357,0.38453157349018063,-34.8118427006269,1526577731.648098
-26.39674894331572,20.758192719530538,1.2153568319927839,-32.1330745025123,1526577731.68022
-26.608320273724846,19.05377358511793,-0.4740201102362258,-34.28353309019349,1526577731.724054
-25.569384990773212,17.600905033606743,-0.7400768159908475,-34.0191245527252,1526577731.753959
-25.52272588735392,20.616025934177483,-0.3538453666228607,-31.330216779303157,1526577731.798432
-25.115139797780724,18.722387989204616,-1.0949497678900366,-32.416660889531016,1526577731.825683
-24.095905938991365,23.24707856576514,2.3216082699713754,-26.643228500209204,1526577731.850879
-28.902105263687517,27.440358356230984,3.771024077716334,-30.75489487114251,1526577731.886959
-27.775317888665093,30.290770277170193,5.918595772857305,-27.19378007742114,1526577731.927133
-30.003964616032356,28.834695035997324,6.004103714626821,-30.708580671564732,1526577731.9652
-31.660152076813443,25.78980129630387,10.229574479757263,-33.71369124120133,1526577732.02312
-23.829905227815473,18.01345542686106,5.8465364290168305,-28.17168816098959,1526577732.053144
-20.29999478302739,15.9826408471409,9.76674106188314,-26.681210524317464,1526577732.149138
-20.87131564542901,17.639586569820747,9.622993370117268,-27.125821181755953,1526577732.185065
-20.455914003297437,14.645673614204402,8.988810661489323,-29.173527730631747,1526577732.227091
-21.46105095759703,18.85371521116285,10.570928311372175,-27.270379133666495,1526577732.268239
-21.867797180315442,14.682097094475436,9.016118613278726,-31.702990302212214,1526577732.293561
-23.267743011160473,16.502685815140733,9.758803180425119,-31.798914471693422,1526577732.330643
-25.50883862123527,12.412186197839903,9.327856806776106,-38.01912842378195,1526577732.422175
-25.14975362604296,17.13148198812465,9.785727419536238,-32.06478209242738,1526577732.465536
-24.601730323074467,13.154983487154484,9.167145648590687,-35.403921480310174,1526577732.50739
-25.690676703065932,13.38827054913607,7.266967361011082,-37.10607058326255,1526577732.535657
-24.8955649219496,11.45975524852364,7.675895437766149,-37.73966277357556,1526577732.566615
-25.313506979987242,12.9745577795524,7.050509666487753,-36.19931218087851,1526577732.598986
-26.51052357196012,13.79395915897181,6.149103076747949,-37.12323016857613,1526577732.631132
-26.83130542330163,16.39388660774077,6.135640847649144,-35.011755417598124,1526577732.669807
-26.085422238316767,16.772173630035113,4.545687454667497,-33.81563946067621,1526577732.705124
-27.00619874279201,18.320601250086202,4.719381501454211,-34.06077876655766,1526577732.729073
-31.170878830406927,27.47089911638499,5.897056376245084,-32.7040002079371,1526577732.764322
-25.747551954492266,18.47702884905254,2.63868235124545,-31.82536261708333,1526577732.804942
-25.860375485501216,18.677478827955337,1.9982860960926239,-31.76598134902298,1526577732.831697
-25.740908314710072,20.43075714604326,0.47893154010658723,-29.770257729190178,1526577732.867465
-30.198219201878597,33.339689249371496,3.5286866320286485,-27.080900141163426,1526577732.905281
-26.36576273049311,21.024442049631766,-1.4333093409688953,-29.444095303770837,1526577732.961652
-27.39568478875807,20.590439345302713,-2.692869307132039,-30.86429987832804,1526577732.997609
-26.92941208365639,20.99778253439613,-2.0800160967387473,-28.960718357212556,1526577733.030309
-27.714188953899733,24.242036008594663,-3.0404656701209394,-27.018271623038203,1526577733.060292
-28.23921953732867,20.59732382455827,-4.690589065994384,-29.40594115264514,1526577733.09662
-29.6949210462717,23.459661195716823,-3.113363711380117,-27.928497874814298,1526577733.138314
-30.970372825003906,18.858768061987842,-4.554085927986063,-32.0601409880841,1526577733.156044
-30.774988807611887,17.749299150918706,-5.688997048483531,-31.55153494643679,1526577733.193263
-30.477089917499733,19.495040685215756,-6.300692171416189,-28.02143913156857,1526577733.22986
-30.902065495015577,20.612982120477966,-6.298473162609044,-25.886131188072028,1526577733.260582
-31.29114286720311,19.48644951607688,-5.929570162963495,-25.480150841529934,1526577733.298076
-32.919844532963836,13.161977443254832,-7.122628605284259,-31.99333642395436,1526577733.333517
-34.16811205637089,19.80856973637734,-8.421030237164993,-27.115743453076675,1526577733.358633
-34.94147221487597,18.741748534889204,-9.124958904110091,-28.49473804285435,1526577733.397513
-33.16146148442852,14.61778794670937,-10.70660216146257,-27.605676189129838,1526577733.505628
-33.5101446016322,18.38005192821251,-9.004555950787987,-24.437500325509262,1526577733.534603
-34.97167246715973,19.649872085463443,-8.44442439021144,-24.5159767686161,1526577733.581964
-34.85105601535217,14.193537311090223,-7.438789694112618,-28.167261968421258,1526577733.612071
-34.88273292028463,15.674512975593707,-6.230825092190596,-26.394398640084148,1526577733.641425
-33.96177345157612,17.929000368926864,-7.025736695119402,-22.998737162014606,1526577733.671894
-33.18792166638675,15.982388080654886,-7.461362465783935,-23.091608590564135,1526577733.706163
-33.48728935457579,17.495507845964045,-8.556170472025256,-23.17700037238481,1526577733.733242
-32.019260285769235,18.0209793924787,-8.11234202077143,-20.87174578663712,1526577733.765938
-30.942843429487617,15.398904234383988,-8.677406896331611,-21.239967988153836,1526577733.798333
-30.723540938531197,21.547120720313522,-8.544848233670725,-17.956664061888972,1526577733.830324
-28.601024215968575,19.88327347935225,-10.144127497556866,-17.628113448958572,1526577733.900356
-29.380552160841702,19.503287038205627,-10.016823369827598,-21.045476902580475,1526577733.937902
-28.797500911281883,19.94296962531468,-9.263641478053755,-21.598959805120472,1526577733.970831
-27.2102829782568,22.974629443666494,-10.753609558578301,-18.427639174042042,1526577734.006838
-7.193858036068093,35.90422891491763,-6.390428339117367,9.615138799000704,1526577734.164454
-16.79405389977787,30.10927998167549,-12.413110972512584,-10.848619409207657,1526577734.234403
-15.509561943467185,32.252651894017816,-7.041329747625385,-10.804712482675228,1526577734.276573
-8.787180984683241,29.20481404927279,5.027454103836063,-11.797712768290097,1526577734.502957
-9.005298631167976,24.14393317690518,15.221773039005901,-12.040190549981645,1526577734.74076
-15.493922077643585,19.830906818877047,16.577103409735752,-23.64328888112547,1526577734.807643
-14.682711687116377,17.02942779564846,21.603494920292135,-18.857483358397985,1526577734.871174
-17.99260321309054,15.14463323884016,23.75853066270812,-23.197799204073817,1526577734.941343
-20.922239759791978,10.737921368613529,23.069978004579664,-33.3929490265063,1526577734.983733
-22.682119936421344,4.794206279709061,24.47858389749699,-41.94713253678856,1526577735.038751
-23.721593849370898,2.239232293505167,24.036549072305625,-45.55979714417518,1526577735.083596
-24.758153161591864,1.2927721757078716,24.875686837179085,-45.90061470675866,1526577735.121179
-24.613702167338463,-3.474935721079965,24.513665192747347,-51.944148489733266,1526577735.17569
-25.70460526858724,-3.956281888643751,25.016132369473382,-53.08160138595636,1526577735.207897
-23.63396850535225,-12.057779791721652,19.78409116970022,-58.95277654915549,1526577735.511885
-24.337659945703717,-12.292889265192848,19.005392059329232,-60.12434035633777,1526577735.577943
-24.34888088385808,-12.532769310863914,18.02476176029635,-59.4489204525147,1526577735.611548
-25.034452389539,-13.046274352102408,14.36870907226497,-61.751381276747935,1526577735.745943
-24.016739748382562,-13.763652644785857,12.973386945049654,-62.10510482956761,1526577735.778314
-25.351237574083427,-12.634067856198394,12.85219254153106,-60.85197468915851,1526577735.815348
-26.697271204154227,-11.858383141712098,11.607173969327143,-60.0001263901579,1526577735.853093
-25.596625344573173,-12.681158812001286,10.218680937397819,-60.3889953306965,1526577735.8746
-27.77228660075218,-11.355150543703235,9.54180860881341,-59.924187884609665,1526577735.911556
-26.510930803555848,-12.1947215239559,8.154584889274862,-60.36450359373592,1526577735.942855
-28.404506094716247,-10.948004286069603,7.43966503001878,-60.00613135801228,1526577735.980501
-30.301516436616474,-10.043493724047512,6.612082507658626,-60.47848841767163,1526577736.011551
-30.223701344028317,-9.766627214166443,6.248316191102923,-60.429344396244886,1526577736.04191
-28.619242073131478,-10.980459859205041,5.44961094699229,-61.65508866771694,1526577736.077972
-28.13331668680095,-10.644282425919396,5.688184457256653,-60.79989848871182,1526577736.11358
-30.10912125002863,-8.927404410410444,5.015797679499863,-59.73024895180339,1526577736.149286
-28.06274030192286,-10.446212056309816,4.561168964022949,-61.00872240332427,1526577736.190635
-29.943565008634494,-8.734063451644701,4.247054726464671,-59.962343335682476,1526577736.218858
-29.550459632253236,-7.870375775477271,4.4935237011431255,-58.31246920210921,1526577736.250224
-29.35730084882506,-7.508822527741252,4.081047750499516,-57.706592802357164,1526577736.280215
-31.31579341989523,-5.153033259226623,4.321083100561257,-56.18155149605661,1526577736.310933
-30.037744609835222,-2.2769672542901866,4.007341055964179,-53.43745079643972,1526577736.517373
-30.89124777392838,-0.7018891832188059,4.717958434261144,-52.20342409797877,1526577736.549912
-29.340019809506636,-0.6206615335771383,4.267923474818119,-51.02033622354864,1526577736.616541
-30.192386290502117,0.5903214111513179,5.0288725406025065,-50.56920170823324,1526577736.652609
-27.351454370110424,-1.7422901226391754,4.434869527969804,-50.7918569131852,1526577736.694367
-28.82439100839195,0.5684801683458686,4.5699634252111405,-49.30178468212898,1526577736.723979
-29.74847817346906,2.440501353513931,5.379606278244881,-47.625315634829064,1526577736.772316
-28.49110887468333,0.8366674783736717,4.895605260205953,-48.51820754447908,1526577736.787416
-29.337504665071005,2.678169533323697,5.897768251219745,-46.82631084600894,1526577736.857944
-29.1478008874681,3.6585088269764996,5.955492280514165,-44.75204843687888,1526577736.891332
-28.106335306094973,2.6056897890924766,5.515746248368392,-44.46184563344201,1526577736.91969
-28.996724854342208,3.3521561166342186,4.9186610663292765,-44.16262715913405,1526577736.957921
-29.18431306317735,3.206448650411956,5.118458254903002,-44.06753105062944,1526577737.00279
-28.984220197274652,2.809864871419117,5.8787893905776585,-43.863962915920325,1526577737.018223
-29.164296985787942,2.459905578175463,5.9543254289387635,-43.87554852406711,1526577737.052762
-29.334898313582237,2.7556106968257943,6.144110253148476,-42.704162857933596,1526577737.087784
-28.780421537183067,2.1627531387087258,5.753753094566314,-40.082603886063026,1526577737.154061
-29.916528794228384,4.352741735000478,6.596454818274674,-37.77668546633194,1526577737.195054
-28.548004181935166,1.6960901156065287,6.412792382002724,-37.90018461487139,1526577737.230782
-30.40522221119615,4.823852964241118,7.8971912525348325,-35.74604446245877,1526577737.26863
-29.996673894377167,3.0601840594592393,8.224828510790687,-36.027280926896935,1526577737.303014
-31.54569499889654,3.6020207680067236,7.293655246614778,-36.77569042573498,1526577737.348712
-29.954450611564127,-0.9031684600244386,5.795329374499841,-39.642780441311515,1526577737.393919
-30.95442998925508,-0.11048534551782863,5.56472421735593,-38.91332523033839,1526577737.434385
-32.06028692318724,1.0405596477590378,4.653134286232675,-37.514261654160265,1526577737.480692
-31.260526029301747,-1.2652035267649122,4.090091851269577,-38.21308810707458,1526577737.511185
-31.79351881347323,-2.263246961895942,3.5540876752005603,-39.23584859145336,1526577737.536227
-33.03467239075246,-1.2983158870627267,3.790181344245325,-38.455994047055896,1526577737.566753
-31.402783436255834,-5.342178678320067,2.321985534657309,-40.83833929770236,1526577737.599226
-31.04372759169158,-7.46945424339143,1.1810470312380779,-43.172510473214174,1526577737.642642
-31.644932341648524,-7.653202240323737,0.9448998813712746,-42.92347420325396,1526577737.664457
-33.107262922279034,-6.798174627904972,1.2465677171790803,-42.20438069614434,1526577737.690149
-32.52030681526124,-8.91889408818094,0.5291010335838822,-44.40033877355805,1526577737.720489
-33.0315869117855,-9.393889819593381,0.5885256894646442,-44.96950663122024,1526577737.747107
-33.38745729214471,-9.294128061824173,0.4847230949346901,-44.048549008877785,1526577737.772397
-33.385943106210945,-10.634226660058046,0.5146843108474632,-45.81958747646209,1526577737.800333
-32.243701551187186,-12.915624711345828,0.9004387360463824,-46.92168568046003,1526577737.858992
-33.862291905037864,-11.95210100540312,1.124513271567264,-47.23262924686682,1526577737.903644
-33.0728147684139,-12.908660632830932,1.7973999001030436,-47.422701924089296,1526577737.937918
-32.710232228323115,-13.941733883584025,2.220866817574136,-49.11837247270404,1526577737.970797
1.59759522961203,15.587493802126128,-3.824416525825799,-0.8628073297045376,1526577741.386609
2.296797443974547,17.253719637414413,-2.84904830241603,-0.33874713180088634,1526577741.422492
4.062671940663187,13.891032579358146,-2.176598163126788,7.144137863528158,1526577741.455312
4.384918185033209,14.443521160354171,-2.9652313485627153,6.046389281616797,1526577741.496474
5.250503140950142,14.071447349291224,-1.2884998212511998,8.692551085484013,1526577741.520601
5.32433601842595,13.974855638116797,-1.1378429208493246,8.670301023550962,1526577741.557445
5.414235933762931,12.013801918501395,-0.6045339136684548,10.615190431868257,1526577741.587011
-2.6787720294058333,14.29819094529986,-1.3204280234967092,-24.115170280123323,1526577741.65147
4.074095706309003,11.95951305622725,-0.8011927254313983,4.040223273409708,1526577741.723137
3.9926158945806334,11.913022095533782,0.5365481537455905,3.764836120629724,1526577741.761533
4.503677817842059,9.713488217302134,0.36680209729964586,8.610536605828202,1526577741.790093
3.5710831731623993,11.413672809452368,1.2767912227019786,1.8166951838545913,1526577741.824591
-1.3750721216548263,10.289837918758787,-1.1937822534167788,-21.999095142045036,1526577741.888902
-1.557889774487629,10.008561464704334,-1.1017589089136322,-21.787860923392486,1526577741.926448
-0.8171782143641129,10.129306722496171,-1.0792616862659767,-16.830180870971333,1526577741.953735
2.376338506776469,8.469302027068267,0.6286797042934492,3.81333658526691,1526577742.018797
1.9373484199406972,8.032191333590381,1.0088656361626256,1.8997531324031627,1526577742.054044
2.22592522568225,6.604404305851121,0.8640885746806491,7.027556998855346,1526577742.092502
-1.4672104581128538,6.69918931909405,-0.5045930011400035,-21.369555320296143,1526577742.159555
-0.8230079421628311,5.385063177558502,-0.7039460933837667,-16.63863205048773,1526577742.195521
0.6696681013662122,5.2738050573759025,0.8023195337013493,2.167985240320178,1526577742.257763
0.24864491359415386,5.410722898234852,0.7160426102884576,-1.9726409459542538,1526577742.304865
0.24864491359415386,5.410722898234852,0.7160426102884576,-1.9726409459542538,1526577742.334135
-0.37155323899272674,4.873791031167032,-0.5843449554059467,-7.869632269423363,1526577742.362874
0.261999305478654,5.4279246158939225,0.5549077961307879,-1.9847379434695256,1526577742.396111
0.48142218684463656,5.419351285087359,-0.49092141237836207,-1.5592349309033864,1526577742.461507
0.41938525132330157,4.87465838444173,-0.1064268764466009,-0.4496441152063255,1526577742.496804
-0.3553373220999321,4.829011700413605,-0.9108685718134338,-7.9059622791769755,1526577742.52968
-0.5143574473343048,3.329450833728174,0.4112335786891925,-6.328724387089778,1526577742.599446
-1.0771239924915212,3.1259863995514876,-0.8695907741072247,-13.005779244597448,1526577742.664156
-1.2978614549402505,3.8093982346241027,-0.6924777943131347,-16.188645689662877,1526577742.697295
-1.5848567076564963,4.482316699796006,-0.09176690336050654,-19.106236552515554,1526577742.758275
-0.5414807949374552,3.2606793100007643,0.7284886285188874,-6.321868049217471,1526577742.82944
-0.5373667160751895,4.883934482238136,-0.5946930012057815,-7.814053173702973,1526577742.865351
-0.6147768877771782,3.395436997159068,1.017934214797212,-6.096035170101885,1526577742.959792
-0.5454000802413421,4.906866780026187,-0.43157071292488947,-7.7953134628778,1526577743.129118
-0.5534249408789512,4.930154414203648,-0.26854913024596516,-7.776710650568191,1526577743.173147
-0.48288859233478,2.2352731610551118,1.8368453692241862,2.254587380675588,1526577743.364647
-1.4372749600821033,2.3587053038486356,1.8008201599321203,-16.227401333901554,1526577743.434006
-1.5037423964435324,-0.7820146579097582,3.9802746244945473,2.0362113097184817,1526577743.564996
-1.540196505820689,-0.8213913036041117,4.468723887309661,2.0328940870215604,1526577743.600968
-1.2105889439136068,-1.773574915090983,5.943492113171668,-23.62643696505387,1526577743.665046
-1.0713808782716194,-1.7113853195416735,7.499340213063543,-19.718759866190084,1526577743.776773
-0.7173076279999394,-2.400910056449484,8.503715146848958,-17.539383543801478,1526577743.807439
-2.1153381667487627,-3.8968131064530147,7.677953732263114,5.019947304623798,1526577743.869812
-1.8578821756969734,-3.4408560321986004,8.157694885090399,1.757647575495099,1526577743.904666
-0.2440242205809151,-3.3409645139262354,9.354157616978759,-24.788106774536374,1526577743.968761
-2.3985091646647723,-6.554164491075312,8.75539934003481,4.580833801583083,1526577744.035175
-2.1452575238740095,-8.37915832181595,8.211963968162904,0.27062486584009093,1526577744.137167
-2.071211604313004,-8.867200945676444,7.668242451351153,1.0941702880850244,1526577744.174246
-1.3691070141149242,-6.749044996310066,8.476291415593993,-3.6647331722627996,1526577744.239153
-1.9841710632160532,-6.114452659876005,8.831746766774657,1.3617718221021278,1526577744.280799
-2.0281942745458865,-5.237137664535017,8.965435994214012,3.1922950359582387,1526577744.311696
-1.4908780489174656,-6.68329966323353,7.493929730648628,-3.5496666034906923,1526577744.405556
-1.4773058133279835,-6.668000838047211,7.168060270243847,-3.532553009438601,1526577744.438234
-1.5898416381718858,-6.57668906834724,6.02312493124933,-3.4116065757892216,1526577744.540634
-1.5678797502729187,-6.54390121981311,5.5346618236418035,-3.3896030639841968,1526577744.578808
-0.6733237158608083,-3.97744982580606,6.010237978244421,-15.53613758455009,1526577744.642142
-1.9834988129818467,-6.134450345785481,2.8104385940689154,-2.107363697187253,1526577744.7706
-0.6392469492311477,-6.937949806929939,3.4572160829161134,-15.034919428218359,1526577744.841313
-1.8140319985903615,-9.204454341731893,1.4287772044084202,-7.494215689519763,1526577744.974326
-2.31823448136316,-9.933874766248719,-2.8315931702089836,-5.911208039760766,1526577745.106944
-2.4358430718964326,-9.776835926058967,-2.855965006339811,-5.69812904721681,1526577745.147273
-2.54544171450377,-10.00266526810588,0.17315892749238904,-5.173075526546796,1526577745.24461
-3.234808386240393,-10.66409818054744,0.2881271486550693,-1.8330022231624525,1526577745.281634
-3.6044717393215615,-10.124842035034881,-0.19759393418575616,0.3195718293688401,1526577745.315408
-3.4038529506027326,-10.085502604144931,0.7545589589848353,0.32588135824573783,1526577745.410702
-2.991117856373083,-10.63933120124981,1.7725260841198103,-1.7970977367211844,1526577745.446166
-2.1879471949381335,-9.891011193677953,2.0859352723757603,-5.028858699189499,1526577745.487883
-3.1152204539742216,-11.094159493011974,0.6703051464328994,-0.07154729738178389,1526577745.520875
-3.3227641777654284,-11.600749588112844,1.916009756710056,1.1650773188957828,1526577745.552806
-1.9344983543822873,-11.128437491528429,2.382041824629979,-2.554560208065368,1526577745.652543
-1.484977610899442,-11.229659138369612,3.3786158384842953,-2.7807703156505568,1526577745.717341
2.228751804287969,-11.021666092782137,7.873752396880719,-16.045282089006008,1526577745.84697
2.4871779706305563,-9.132190076393666,10.632887719668258,-13.469360123707872,1526577745.959021
2.787314669143686,-8.888161207111153,11.267522336386676,-13.626474063200561,1526577745.996246
2.046059263485339,-12.125519545501092,8.442717846727021,-5.058141278375899,1526577746.047113
4.940448560381876,-12.527643255839862,9.814836357188243,-9.420906498706302,1526577746.216558
6.592959346081311,-4.574009719839524,16.102695289168825,-15.63769799288147,1526577746.286251
7.62237878400747,-12.58697147211372,11.326605876491174,-12.651418001174534,1526577746.454944
7.62323543716603,-11.508297753229694,11.92595731234277,-10.821500651993745,1526577746.553012
8.370748993592501,-2.413648353180915,15.702207856757115,-16.737124448716713,1526577746.58871
7.7256970033370775,-2.5151296869177555,15.737703574797692,-16.011540504779816,1526577746.621105
6.981199621565797,-12.98761643182955,10.150571444584497,-11.299810229535666,1526577746.653748
7.135464060867041,-9.122656769096366,11.673144600412382,-13.051919377107225,1526577746.695723
7.16752574173053,-9.056974787646528,11.030851865451597,-13.080564492402743,1526577746.726033
6.887214337214044,-9.139382011055618,10.416736924105397,-13.163393660072842,1526577746.772346
7.144374925450266,-4.188924373373984,13.142675314630049,-15.19518877935073,1526577746.811575
6.688479588422814,-5.483592513631467,10.54407017516059,-10.912103393314396,1526577746.83449
6.796306262961309,-10.293883068144421,7.296732992897709,-12.584222048741594,1526577746.866434
6.845465786410773,-5.480339173285691,10.425664575840852,-14.881350468739868,1526577746.886812
5.013982016369271,-9.20718247593646,4.437097819669383,-11.724339322814899,1526577747.057197
4.4377968808481825,-8.468259305838465,3.105900249607207,-11.911671116268906,1526577747.088309
1.394576514276467,-12.051204835198778,-0.04800742000700664,-7.619634142264829,1526577747.191751
-1.348899197800986,-12.361842917433862,-2.6640744856632494,-6.7485084451758155,1526577747.297649
-4.1579970699654965,-14.597272048993949,-2.844814725906174,-6.5536633783320895,1526577747.401555
-5.22933054001073,-12.818178518774253,-4.616784762507606,-5.261907881982751,1526577747.437753
-5.122736100172549,-10.572507277795612,-10.599331097507676,-9.080703655041873,1526577747.470209
-6.503153252754869,-9.830489744765606,-10.811412571085523,-6.675073801978812,1526577747.501921
-7.572336287881462,-12.358519593977956,-5.022359072102866,-4.586367827989392,1526577747.536209
-7.613190595549364,-14.157640150568952,-3.6900780722010413,-8.386040727139033,1526577747.566094
-9.199118681457861,-12.2565790266552,-4.6876994865431625,-8.738276074562094,1526577747.665965
-9.971345526599299,-12.19113805748461,-2.964171378265318,-7.250409265511308,1526577747.700397
-9.823948435386573,-13.060007450778745,-2.613064840562974,-9.450700113712514,1526577747.733174
-10.743451597543025,-14.216939364662839,-0.9919786594538058,-6.258463074634051,1526577747.765369
-11.074270690911817,-14.071498155409234,-0.7162229073850432,-6.099113720336419,1526577747.801403
-12.534988398459141,-9.033399914616124,-5.902870353889366,0.6701706326899171,1526577747.830844
-11.42376691832323,-13.79754511528867,0.017691730556012697,-5.866941264121721,1526577747.867622
-11.419194310661101,-11.703658654004373,-1.5262449707554215,-8.072508338438155,1526577747.96404
-12.29528846399084,-12.003359131018737,-0.1245377575573241,-3.321099617460675,1526577748.001267
-11.863358691885256,-12.302126372043722,-4.938386588230006,-5.1472881294346,1526577748.036558
-10.967976926016519,-13.4028329221636,-4.56858754093798,-8.644918878592279,1526577748.067246
-11.62060118975283,-14.260817378422088,2.821686382195944,-5.181813530527279,1526577748.100651
-11.714118463675382,-12.43649575629114,-3.8529399112745226,-4.0178106862005905,1526577748.131114
-10.338242404627694,-14.832623101237381,-4.329260047926339,-8.544965186141667,1526577748.161469
-10.654995469391373,-14.26330921025952,-4.2427092907026625,-6.477684691044175,1526577748.195447
-10.554187442479781,-14.225598916317978,-4.018828875457431,-5.70101939395596,1526577748.237343
-10.738351159604388,-14.081396057887373,3.485406298401875,-3.7555752139482195,1526577748.266958
-9.268526259031677,-15.181219780419728,-2.7584477450994345,-8.205121322859128,1526577748.302584
-9.614572646450803,-15.530108525324538,-3.119884567418754,-5.333476877875881,1526577748.342586
-9.638479931207371,-14.52758552481641,3.0031263382313673,-3.6853621314249096,1526577748.380561
-8.00837783337011,-16.151017567235552,-3.384800756649027,-8.227772883377185,1526577748.409295
-7.50298938024896,-16.269207225685683,-3.2821079740461627,-8.478110358906548,1526577748.437146
-7.0483302468145785,-16.23353761289286,-2.484745352070499,-6.5456599173683685,1526577748.503499
-6.9167866950032275,-16.725886354009067,5.619095991780173,-5.399339885608015,1526577748.536257
-6.4221546532663005,-16.80492110871821,5.613744450767757,-5.454362958835048,1526577748.577821
-4.97988682371479,-17.316869052816124,5.1236347541139144,-8.617574768990323,1526577748.61418
-4.653838630043272,-17.031240570636005,5.898812775858135,-6.35174755233993,1526577748.674162
-3.9447800396376858,-15.638123120351962,3.3000237877321643,-7.002809752562655,1526577748.699926
-3.072745333208141,-16.764391341103373,-2.6464011944678907,-8.437790032617073,1526577748.743877
-1.6431304125328323,-17.63504235446325,4.856666631120114,-8.871378997631638,1526577748.838198
-0.9818079392163399,-16.5617775567469,4.223656201571014,-9.766135111429747,1526577748.877647
-0.6323623520839772,-16.60848056997452,3.9739693850156397,-9.759805325447815,1526577748.908409
-0.6494684035816574,-16.658867896708912,-3.8155957316197995,-8.461822706996372,1526577748.962285
1.097457241624377,-15.91740953844862,2.7604332729353374,-10.904671289772153,1526577749.073958
1.1484168481641528,-15.883484157618849,-6.354404493011795,-10.136779561833322,1526577749.103627
2.072596655065373,-16.221306105881194,1.2119282295679512,-11.248530013501323,1526577749.271115
2.9374879623869683,-15.11174259267316,-0.46527743481113415,-14.230177319766284,1526577749.37567
2.44632561027272,-17.200837914746298,2.226788175057417,-11.986752826835385,1526577749.415346
3.439386006107471,-13.515503124576988,-5.401734949727469,-16.4270244224831,1526577749.440386
0.29712078592987684,-15.819086082059563,-0.819745337491665,-5.947054546007536,1526577749.579355
1.0267396449405766,-15.498416210383208,-1.4847563142068845,-10.128238399849295,1526577749.645445
-0.9933424609494598,-13.480824212758,-4.191432306041077,-3.5676635000002364,1526577749.709504
-1.2940679197389422,-13.423923864313112,-4.3768310647167965,-3.4992164736939344,1526577749.750434
-1.5944530268369668,-13.364585772317708,-4.563126936568604,-3.4312476568787247,1526577749.783998
-1.172551462137026,-16.889822075348505,-1.3394165939396174,-7.731931872652325,1526577749.820866
-1.2698781060715896,-15.531159891444657,-2.517331425542984,-8.552057465279802,1526577749.853431
-1.289489233810039,-15.550160188760636,-2.599634669505706,-9.600152093256355,1526577749.889401
-1.8321154156076498,-14.392454536814707,-4.084317871087947,-8.492511332220289,1526577749.911116
-1.7504926634880393,-16.997873616334875,-1.6580415781338673,-11.226879275749724,1526577749.980733
-3.7289722525298434,-15.26508959554527,-3.499489637561655,-5.859143996822752,1526577750.049324
-2.934745710933585,-13.145483639867132,-10.584118960764455,-9.435366801451323,1526577750.089297
-4.355259000396113,-15.167901773760079,-3.5459543798513184,-5.670395261423579,1526577750.143041
-3.6463847287258293,-15.429063127944074,-2.878654516514001,-8.903178180807828,1526577750.179049
-4.509949224806551,-15.200804730926878,-3.542729563584434,-5.483942543831347,1526577750.218624
-4.6766189348605876,-15.099091290085065,-3.415759624761689,-5.552773550747446,1526577750.251834
-3.580070959534752,-13.309994067163096,-10.20007859827102,-9.80671896699323,1526577750.283416
-4.487563239644986,-16.560564821742265,-1.5683853673614956,-6.620648628758687,1526577750.322487
-4.6930580759938705,-15.063561758593579,-3.1063412495959315,-5.507045849265893,1526577750.366173
-4.280642190273207,-13.590963002891868,-9.336550024525211,-7.019011959180716,1526577750.393615
-4.777267448332678,-14.04233106444582,-4.16343007434596,-4.376768843658141,1526577750.413221
-4.6400965102506575,-14.069685439904761,-3.991879714132724,-4.363327605710651,1526577750.454252
-3.8731250340688885,-17.40878862257888,-0.6232442599955035,-6.478605623857504,1526577750.518193
-4.656963626503942,-15.038199949713027,-3.8190347341918023,-2.4560615162884574,1526577750.549341
-3.489388085086333,-15.129424141928961,-1.9277028524517195,-5.754963763768984,1526577750.582471
-5.057075486744336,-14.911766778676867,-3.2968308247711122,1.4663904674557386,1526577750.625423
-2.648573298512113,-16.489076231468406,-1.0006895100581565,-6.71524035916201,1526577750.656684
-1.584699688676995,-16.48587726039774,-0.15246887595824976,-6.991122250518828,1526577750.761289
-1.1246593350371146,-16.478719018332185,0.18562122208269916,-7.120163386611523,1526577750.796625
-0.6627863554640165,-16.46600136186108,0.5216655118904185,-7.254446738148914,1526577750.824023
-2.3374687101010467,-15.874312883890388,-0.6311776524555779,0.5627218207289673,1526577750.857302
0.8608563968643366,-16.185875302036735,1.870114285043767,-9.621234653205022,1526577750.882094
1.7897001363210308,-14.80605139024379,1.8019644579049494,-5.368501350267223,1526577751.05153
2.203463437504952,-14.715057178747236,2.1408237844800437,-5.548048013909067,1526577751.086634
3.101699710140615,-14.847924238254837,3.7886040920116386,-7.669910144487488,1526577751.123948
2.981565078111926,-14.673727075623649,2.949307717860037,-5.788513465876605,1526577751.15938
4.123535938865778,-13.572186381664988,3.4691603468467673,-2.916858090788196,1526577751.322634
7.781595931214412,-12.18841701884046,6.447494364807658,-15.724556664948295,1526577751.456822
6.8482202901217,-13.120433124583649,5.773952539871647,-10.796042493208716,1526577751.492488
8.104096877935287,-12.089724650631016,6.6008476834094285,-15.88731645414282,1526577751.527092
5.074834222690087,-14.632652395691576,2.808264802503223,-2.1188294767772504,1526577751.620523
5.102056043523616,-13.763369533098167,3.253233009069764,-3.254677126518999,1526577751.791056
5.376611298409305,-13.041073713550427,2.111361377043042,-4.585857044735917,1526577751.828001
3.896533573629244,-14.056733642285105,2.908402584677519,0.04980602179821858,1526577751.86938
6.154932756347362,-12.516083359561025,3.57406450640055,-11.932595089955782,1526577751.923702
6.164934302556631,-13.276341994423444,3.7512469110685176,-13.042032521277719,1526577751.956747
5.489046368676631,-12.603742157439944,2.7135490250900838,-11.692645255976743,1526577751.993942
5.06071306990534,-12.373082356417521,1.6717117216543342,-11.33412747489632,1526577752.026856
2.8204512819841234,-13.594489830225,-4.103555538099286,-9.298048969238266,1526577752.159646
1.9569163027876688,-14.272487003336817,1.1656919324941328,-7.892338160040225,1526577752.197783
1.936307768319173,-14.173903191226502,-0.39015252943406975,-11.862754319961113,1526577752.257931
-0.4420438971437116,-15.352333067368471,-0.2588538496983177,-6.490388151056322,1526577752.328301
-0.3218619976375403,-14.343678396281971,-1.2818383613347233,-8.447488753432907,1526577752.359149
-0.624668299961608,-15.239131911642417,-0.17018283422901348,-9.563909556809506,1526577752.396593
-1.3765043833493296,-14.332079426671754,-1.819628610397012,-8.235960795851696,1526577752.429306
-1.5533037019884444,-15.288520874606359,-0.69277695056731,-9.276727060802102,1526577752.458918
-2.9106433426972664,-15.230729312625645,-1.52739474885421,-5.767713987474508,1526577752.498493
-3.3990564757151778,-15.261564531584261,-1.5073505530569569,-7.638095651220851,1526577752.599334
-4.285607213604484,-15.103767587819247,-2.2748884911684324,-5.396064923740568,1526577752.646231
-4.588706601899487,-15.07216968465183,-2.4603061508818502,-5.319315632804262,1526577752.680066
-4.019804414672521,-15.306381304256856,-1.9657978616024856,-8.563608162961117,1526577752.713187
-4.3498370696610165,-14.208702060441189,-3.460062381779866,-7.768750083264365,1526577752.743707
-5.193525274540092,-15.003165498769606,-2.8331534478378266,-5.1696770013748505,1526577752.772682
-5.350338663751405,-14.975330389669715,-2.8494243623132975,-5.120209692160984,1526577752.804718
-5.494880359234212,-14.89001514782819,-2.8611740523784026,-5.212212706567982,1526577752.837304
-6.078726074767752,-15.069875231998104,-2.160906947990594,-2.9022349716914846,1526577752.865161
-5.651953404977949,-14.861185765376913,-2.8746475279657293,-5.162175015720521,1526577752.902396
-5.651953404977949,-14.861185765376913,-2.8746475279657293,-5.162175015720521,1526577752.942798
-5.614869509646072,-13.9561210225169,-2.9363487898211424,-4.440939953724865,1526577752.974916
-4.836557487470873,-12.630812843305813,-5.674616790364635,-7.4881815449719795,1526577753.0114
-5.545636180759377,-13.885697982133985,-4.237084981921269,-4.194876797629121,1526577753.046718
-5.911673543576164,-13.910928621407557,-4.202541213200328,-0.9323727814202414,1526577753.100793
-4.794043325191458,-14.0393411086834,-4.006221650036499,-4.325961227955048,1526577753.140137
-6.122987325437625,-13.667013679844345,-4.152141624691517,2.638868520854544,1526577753.173883
-3.939404815192764,-15.1161425402698,-2.426810443745654,-5.6653526664796345,1526577753.204061
-2.1312562464122604,-12.993409090899773,-4.65712810535273,-7.793948313275308,1526577753.309495
-1.678437479402875,-13.05020023530668,-4.461831531146908,-7.857793261286076,1526577753.345471
-1.060369671164676,-14.645980783841223,-2.12207635474815,-4.944263609714625,1526577753.44818
-2.3951203541155692,-15.080317527852024,-2.759720148680536,1.7964360908826222,1526577753.481869
-1.945981503695574,-15.206739317369264,-2.400739741161782,1.6421552248503701,1526577753.510405
0.27478762989360694,-14.768584435677603,-0.9377312841969574,-5.1643489207421,1526577753.545001
0.7198731850690202,-14.790902833651947,-0.4420023907860018,-5.242738152014539,1526577753.573911
2.129527727440997,-13.453398184057427,-1.2928806544705158,-8.730142318229895,1526577753.610534
2.0284883959893603,-13.610921574075519,-1.152631377838983,-6.4845412687943735,1526577753.639579
1.4105060389178983,-14.632747928223548,1.3541835348796023,0.050924633387040785,1526577753.739884
2.59556914077099,-13.468985064183412,1.352329063246691,-2.4558259113125303,1526577753.772821
2.9288303388153176,-13.587994788007132,2.0291846464329386,-2.566547622879966,1526577753.802528
3.352485795502566,-13.532106272581533,2.493211624621688,-2.674174079488239,1526577753.837943
3.657238347561022,-13.547087726298962,2.9794039154488243,-2.7669429928878913,1526577753.883394
3.963838630660857,-13.556581402646064,3.4645523681308603,-2.863813448420757,1526577753.914186
4.11254094573376,-13.545313955850979,3.9444401145238865,-2.911779952969596,1526577753.947941
3.659379211003979,-14.050968149551906,3.517432103342155,-0.038673270783391445,1526577753.977719
4.079593727935204,-14.573877608145796,3.3940441359122184,-1.7506393014483592,1526577754.00569
3.9145361013973288,-13.972294299034417,4.682879125716809,-0.2644693567282843,1526577754.049448
3.312156830312422,-14.548162758580967,4.332350866212895,2.3990104210894287,1526577754.077536
4.074008175734631,-14.181929124474578,5.0156263402884065,-0.2297513478997928,1526577754.115392
4.208420414689365,-13.981505569242167,5.494125035306052,-0.3749893154670474,1526577754.145367
3.2516856471571596,-14.219340866174472,5.636435160620869,3.887381278969059,1526577754.177691
3.606352349043141,-14.605467472353581,5.146416519458896,2.28179432029782,1526577754.213007
3.606352349043141,-14.605467472353581,5.146416519458896,2.28179432029782,1526577754.259014
4.487026447413698,-13.89520049766577,4.8006554217826665,-1.1811809725532783,1526577754.286273
4.81100703523367,-12.45745920385258,5.023219098057075,-1.7937866340836024,1526577754.313438
4.219482708393348,-13.183511919297953,5.398683060284621,0.38577856474250893,1526577754.355125
3.5781566397076596,-13.712117017386536,4.658515944100144,2.8595538006752577,1526577754.389745
4.079700251589163,-13.177286178227602,4.910580693661568,0.4421484632600823,1526577754.405976
2.3313691809085983,-14.671377233711057,4.161096475930374,6.020719414145304,1526577754.445053
4.581840551109042,-12.366637798938365,3.5676046570534363,-1.7231935256001805,1526577754.47849
4.127189807667063,-12.678420740126581,3.1457791726088478,-0.431556519590373,1526577754.50897
1.7018161731361297,-13.730734631314121,0.8191443749584152,2.5614385774154016,1526577754.711592
4.240165452078237,-11.641515215685356,1.7825054168618326,-9.569113757991857,1526577754.753543
1.3441745511249579,-13.724990883389284,0.17509238669373073,0.905083972081627,1526577754.781611
1.2977049243068794,-15.310210405070356,-0.3886970712924023,-10.20760272512507,1526577754.981811
-0.9642177346592553,-15.728107567528356,-1.047805478035809,-5.525380900164947,1526577755.050265
-2.853619360576495,-13.11886626049031,-4.688618582666384,-3.0153854518655123,1526577755.149266
-3.2180829771378976,-14.28695692978862,-4.166017820635842,-8.215709966138974,1526577755.255144
-4.115392067743081,-14.294788415104895,-3.5310055577698143,-6.396752366255441,1526577755.284945
-4.633517858523155,-15.402327187628478,-2.415243982788259,-6.081316030054978,1526577755.325394
-4.894272046032286,-15.355390551227291,-2.3917204027026213,-6.776562658962973,1526577755.354171
-6.288538930178144,-12.258060598591102,-5.56653091123194,-1.8239375634454973,1526577755.387052
-6.243336116921666,-14.81502421864018,-3.5489653158184566,-5.069062617021871,1526577755.423781
-7.103999461181213,-12.036228343089267,-5.508272223697988,-1.428396114438243,1526577755.456347
-6.335343730404583,-13.878679885709015,-4.05100348869861,-7.641686702561117,1526577755.484813
-7.3598171613762515,-14.552455327405806,-3.3434804056760434,-4.665519995531639,1526577755.517428
-6.569245610981386,-14.847487420841222,-4.094994509862833,-8.965360937504471,1526577755.546595
-7.424374386071548,-13.416040276778345,-5.687741881732099,-6.943997876047121,1526577755.589449
-8.035234292380673,-15.800652140664617,-2.7417726317755537,-5.2438248624442,1526577755.62591
-8.973084805159287,-16.353697270030846,-2.4144980086649106,-4.081343421133425,1526577755.717129
-7.812201621340513,-16.887390886962216,-3.122184289386281,-8.666007380783583,1526577755.75364
-8.91957347231718,-15.414940186808627,-8.616283991819325,-4.617046821554737,1526577755.787691
-9.25723698457353,-16.400276873404625,-8.203987784036274,-3.8570865639890997,1526577755.826899
-10.499461570546412,-17.262299879679194,-1.3086048633277345,-0.05495420636813719,1526577755.854073
-10.608521998212295,-18.02147363373069,-1.8475823869087051,0.3494588001311172,1526577755.957784
-9.920048495397394,-17.4071118861587,-3.7398070281853393,-1.1600991534458842,1526577756.001321
-9.5931960620441,-19.503569143450964,0.38231089652005834,-2.002675171355463,1526577756.054831
-10.599738655865224,-19.308742844860642,0.6283912973898538,1.5108563911537942,1526577756.098552
-9.237142532006583,-19.543571314889405,1.4068301695912697,-1.8613444180369356,1526577756.138175
-9.723448450249274,-20.39394756206131,1.3984000655961744,0.07825315367102803,1526577756.165968
-9.307528460049236,-20.6366041652532,2.7922326435922695,-0.3743477950441161,1526577756.196646
-6.989269930345194,-21.615296315895613,3.7003987614220337,-5.886446544534209,1526577756.232195
-9.254397905093565,-21.604600081857456,2.043173378664026,0.9527155381182979,1526577756.261614
-9.907183474471939,-22.177053289703615,3.9859848656210524,3.1465420147628436,1526577756.296663
-6.353228556559645,-22.61109413037689,5.32756400839484,-4.7876148117939294,1526577756.326773
-6.864622278340171,-23.944874153577338,5.64023510209167,-3.0707366228827766,1526577756.363786
-8.097428519307188,-24.41131132314213,3.1176292524407216,0.6633491630744288,1526577756.396611
-7.608755717292543,-24.507123640333333,3.482495778799956,0.418331371792533,1526577756.433556
-4.063092167883655,-25.498375656266962,6.646525275874519,-6.7634529158238195,1526577756.470676
-5.225026530304898,-25.901998549459368,6.20293231313055,-3.6204815781497928,1526577756.505103
-2.729926383032867,-26.49276735685863,9.811501787152775,-8.145079667125714,1526577756.531984
-2.774615414596172,-27.304003703677978,7.6728979313584915,-7.283515455765439,1526577756.567771
-2.29264131967831,-27.308245044304492,7.855494417229799,-7.481760902961696,1526577756.603727
-2.355709460700675,-26.83750423768411,9.558782064151396,-6.7299470282109155,1526577756.637165
-3.696205585378677,-27.00766027784209,7.831213206757186,-3.249733661995009,1526577756.664085
-0.9987501814482379,-27.318719452478867,8.220319370045159,-8.026409865703954,1526577756.702706
-3.00570745305323,-27.47650070095542,9.21876365297371,-3.3046638644339055,1526577756.73517
0.44140348072241353,-27.470833670326797,7.895301652061747,-8.585522386652542,1526577756.822705
-2.7826702260458425,-28.22836567622931,5.186414661432984,-1.420721063644379,1526577756.865073
-2.4561141245996856,-28.30378305597555,4.879051090738907,-1.5564825995751619,1526577756.908236
1.579436991363709,-27.654412552457305,6.97000052704416,-9.035016284767266,1526577756.952681
1.9025228695005336,-27.73513226277657,6.504052805265184,-9.151099588653352,1526577756.982245
2.2225869550806636,-27.811061964929213,6.039056254465033,-9.260633151361048,1526577756.996645
2.541915803701626,-27.906261790340583,5.4216265603428475,-9.362397780337545,1526577757.038324
2.8583299389148165,-27.994574864344642,4.807304457521747,-9.457846128701618,1526577757.075078
3.0537857786281166,-28.14817436771289,4.214304562590842,-9.445019776305486,1526577757.102681
-0.08575234297427123,-28.771178402893334,-1.0812343427182411,-2.358015772577062,1526577757.175541
1.6952050986702742,-28.43622666726751,1.531991047245083,-5.480289044743159,1526577757.213177
-2.043573712420555,-29.701155067244407,-0.8550500177425959,1.6804373824702736,1526577757.254579
-0.2676487762425471,-29.438066081865525,-1.1129833374253257,-1.3166651498790998,1526577757.289084
-1.7194444208035868,-29.78463845547974,-2.724442411458898,1.4304015170013997,1526577757.318131
-3.2674795978641864,-30.74381456764023,-3.158254447266093,3.917226197019801,1526577757.33977
-0.9034888786399032,-31.31221072465456,-2.404950904284715,-1.7561102991321036,1526577757.431411
-0.3714854668036808,-30.201202835222187,-4.561987188713047,-3.116577672316197,1526577757.469509
-1.3332738569124913,-30.593084253678764,-4.932780615607232,-2.0669905646143434,1526577757.538235
-4.110182434606737,-30.58255627609553,-7.257024780616612,2.418087594802273,1526577757.567463
-1.8882515835011386,-30.560026191700562,-6.6742542585765126,-2.04599165973562,1526577757.60544
-2.5340163020046402,-30.762749922254503,-6.458896374976095,-1.8108929175437822,1526577757.66967
-3.6316570579735905,-30.816862484360804,-8.612251561926701,-0.23266311076440616,1526577757.692506
-5.1224402024855324,-30.035798598967045,-10.882230315563678,2.4120259089613683,1526577757.720071
-4.486056481635346,-31.401145278436623,-10.081911857510423,0.19853823209734855,1526577757.74126
-5.0037393952209905,-31.679052276371106,-9.432658386503945,0.3771051349009156,1526577757.766953
-5.383380358146222,-31.090512383159343,-11.19734387557779,0.2991768696820145,1526577757.804039
-5.704505154923809,-31.287927140165007,-11.25272443549581,0.2938611227838237,1526577757.83369
-7.041465614625538,-30.38024001132244,-12.415122963173712,2.7052269722662174,1526577757.87243
-5.878549589716455,-31.979902808383674,-10.694614230983664,-0.831555522733396,1526577757.915046
-7.128618243175172,-31.448215778030765,-11.27048867115538,1.2773538482933589,1526577757.945093
-7.6424586898792315,-31.022917641596592,-11.891982874317167,1.38926571901618,1526577757.985533
-7.910773259363491,-30.93258692841253,-12.238540840833727,1.456253860709893,1526577758.011927
-8.190360529370416,-30.839057122605006,-12.431127582679895,1.540195733820184,1526577758.043711
-8.469804137234934,-30.743914433820763,-12.624327210191014,1.6243598823555487,1526577758.072473
-8.519683571424446,-31.663927143536004,-12.469177601138833,1.2752637350668863,1526577758.108424
-8.777421719657449,-30.017330219836094,-14.217538391661924,1.758383139856619,1526577758.141118
-8.940895480152632,-31.52363584531633,-12.685909229585148,1.4058849420988508,1526577758.174057
-9.319367027526832,-30.448433022207773,-13.05290633964946,1.8957529558911403,1526577758.208631
-9.018321114533386,-32.38476828456608,-11.285365676757145,0.49445074858377325,1526577758.241733
-10.07921149071372,-31.25932098310512,-12.548369962359729,2.259093457126255,1526577758.279343
-9.329345249810379,-32.278596415419095,-11.018138637514868,0.6253872151811493,1526577758.30237
-9.222399691041934,-31.766137843029203,-12.047078354271704,0.36941753425261936,1526577758.34029
-9.392130296953825,-31.71151689601853,-11.764279378367608,0.45478908911496774,1526577758.372016
-9.562154227418556,-31.655761229399804,-11.481809513906814,0.5409877125267144,1526577758.407459
-10.748960509080622,-31.672739334666936,-11.362644995244848,2.3269017075696468,1526577758.438412
-5.599541080157908,-25.88299493834845,-18.762148799215478,-7.841160380121323,1526577758.478572
-10.973565269143663,-31.60199768909185,-10.463709801187276,2.4972921188521298,1526577758.510535
-9.889625615010154,-32.47109812539426,-9.351512652483315,0.4594271898555462,1526577758.549219
-11.188851435438457,-31.06909630915508,-10.727178498250433,2.799454980442249,1526577758.578377
-9.926459293138752,-30.93473494521796,-9.757242572322587,0.09452041914028086,1526577758.61606
-8.421811687237637,-32.097286470060034,-8.32083178383576,-2.2737763562968496,1526577758.652183
-9.753037651558039,-33.093188868236155,-4.924963800458626,-0.7608550633954394,1526577758.688939
-9.150825776141652,-32.1597983078914,-5.3094665767852485,-1.5158536330092431,1526577758.714388
-9.211731221143346,-32.06327426758778,-4.410600921896611,-1.4027083173906476,1526577758.752732
-10.128604567995428,-31.790334007030438,-5.140703165337624,0.21492048973178157,1526577758.776024
-9.663948522145724,-32.46585293740687,-2.391372338310082,-0.7850786838521344,1526577758.811147
-3.819992035129461,-28.75811398641465,-14.833640992394553,-11.356719948881505,1526577758.870727
-8.513908249715445,-31.291520492986848,-0.8022480052777916,-2.3880313299513887,1526577758.940432
-11.149608194465804,-30.350230584787745,2.162447021325384,2.9802926159489402,1526577759.077927
-8.685619235625692,-30.03324577788386,3.180840504659602,-1.3085671133275412,1526577759.11498
-10.412957841264205,-30.35540601364523,2.571294287418528,1.9823582946361853,1526577759.146937
-11.658838363024755,-29.74143003724475,4.916503465225164,4.4568064898462865,1526577759.191087
-8.343394736296974,-30.43587753612218,3.467311523515373,-1.5847178542818767,1526577759.223624
-12.018238627856915,-30.15769690570106,6.868890559661448,5.273379986343286,1526577759.260515
-11.536037223122467,-28.829148657084193,11.639276214655993,5.532435826176425,1526577759.347754
-7.94639512021372,-28.297594596478227,14.05993122722262,-0.36168532722493296,1526577759.37727
-9.420847689600112,-28.623720391083832,13.230130664176256,2.2541789437236446,1526577759.416072
-8.159710519978487,-27.52697314494003,17.844989610308147,1.3079191555131615,1526577759.512615
-7.869284462043668,-28.073376531467314,17.88738120893505,1.212581830348853,1526577759.554384
-9.024482638109456,-29.097244730971347,17.95413271814591,4.091163530938076,1526577759.581402
-7.869378321595956,-29.617037270429094,17.373449633756703,2.187117566799685,1526577759.624036
-5.105764260989161,-30.10210187979733,18.907591435933202,-1.5405072386281802,1526577759.716811
-5.106344602546407,-30.475587102387312,18.32202625398092,-1.117649929044461,1526577759.750279
-5.756085492551855,-29.85315975007238,19.498185453105982,1.2160305009532522,1526577759.781953
4.817987576822955,-24.008512359087135,26.459128632227408,-20.29281508787338,1526577759.846643
-2.8836738204396934,-30.466841071240747,17.486731488799734,-2.391105758427898,1526577759.918055
-1.8024599937757442,-32.479967677940984,13.900826894522773,-3.9473141370482665,1526577759.948834
-2.1446257735407155,-30.722810264282664,16.35016123927869,-2.5955973521759006,1526577759.984447
-1.1359724547191545,-31.869886425326584,13.998476962659169,-4.403265612229035,1526577760.024537
-1.6351338105618711,-32.32384954501441,13.199406046916197,-2.5695891982265664,1526577760.050051
0.06425939798588809,-31.33260117323589,11.863474488762678,-5.055773508093779,1526577760.080247
5.490413722239545,-25.214049759297506,19.712024769236187,-14.42827734889812,1526577760.148779
2.1388868414205775,-32.88911016308621,4.462878389443749,-6.917062295175469,1526577760.21914
3.3988078232596513,-32.27290828679458,4.309346123920415,-8.547845980574039,1526577760.254729
5.943606452928712,-30.6488723081044,-3.511453491059486,-11.118717772331337,1526577760.383401
8.411944047558435,-29.231275938890185,11.002835042673462,-15.573265062634079,1526577760.41966
3.635629373667752,-31.99405455308241,2.659113248366231,-5.463041183239653,1526577760.524108
6.091120433326186,-32.07416912367602,2.2064063328854653,-9.717189727201799,1526577760.559521
4.510775505081,-33.16728784599198,0.8268292089043054,-6.634606874660221,1526577760.592581
5.88619814084657,-32.959392766498034,-0.7429657341239606,-9.004569979892665,1526577760.628928
2.7862607507573367,-33.67666702542753,-5.447779017129079,-3.3456312915208173,1526577760.657729
2.43325739272042,-34.99043467213084,-6.0315296343056835,-3.247515468255841,1526577760.692929
0.209195030813224,-35.578202813902244,-8.576373337176758,0.5511195975663838,1526577760.741142
0.6602983528639907,-35.71706218836579,-10.480319280362407,-0.20192324564948194,1526577760.758914
1.5499328280246707,-35.883059832622465,-12.679184647074973,-1.7175675995654842,1526577760.793445
3.4379156938328195,-37.098206649001284,-12.915247798092075,-5.107016561561352,1526577760.828443
1.7581390640145216,-36.59141603016694,-16.846274416250168,-1.8403727165633654,1526577760.865487
1.23877736583272,-38.01914115422924,-17.331240079623083,-1.726115011683504,1526577760.899414
0.5055782338000074,-35.58737579364297,-21.198465893926393,-3.7494855157077325,1526577761.25592
-2.514169686096565,-32.78315526113975,-23.254872918046452,1.4359438046604964,1526577761.300332
-0.5969022517426734,-32.92737098798552,-21.645424146601023,-4.295800320058532,1526577761.326286
-3.9703009462796466,-29.29892026079918,-23.755851128587125,0.7656217132116581,1526577761.361601
-4.437535675445956,-30.934549128563354,-21.234189567830057,0.7828770079570688,1526577761.398384
-6.179544849797645,-28.339423099413022,-21.460647232985696,2.6834443507831054,1526577761.426246
-5.951338142291289,-27.065188004378534,-17.22204226968286,-0.9881864923277988,1526577761.536161
-6.5965376626304035,-26.834154547149296,-14.059096388548994,-1.0787305580224995,1526577761.567553
-8.93215997723978,-26.33061128500635,-12.978802763172146,2.970913544553696,1526577761.597903
-9.073796552028625,-25.146855029526673,-12.311621847446826,2.1590713232232304,1526577761.628959
