-5.263166391502033,-36.002108164646344,14.150221117596294,-1.1838079169689877,1526584362.157716
-4.6634182181602375,-31.592676324256963,17.994072664618834,-10.08674212369337,1526584362.257776
-6.715170086823738,-16.062889558425244,32.3777556143533,-9.97321915483829,1526584362.327116
-9.123661460534347,-15.646851208283163,31.627274176317236,-4.321865427029735,1526584362.356356
-7.715290345197419,-28.169419582575827,12.888833479214023,-8.240236375090063,1526584362.524815
-7.764112977399197,-28.043753596302984,11.941010589640745,-8.19372480389265,1526584362.56484
-7.642614590406601,-30.32960084460233,8.483199078218185,-8.63913108499429,1526584362.664522
-9.292772811376055,-32.02062188658752,4.882120262503332,-4.995577333826674,1526584362.822487
-9.557261291566727,-29.281868544276843,7.859235069936669,-4.575133139405608,1526584362.841963
-8.221227948222102,-28.90706727065877,9.822453143316006,-7.1513915893129365,1526584362.88944
-9.44934579732766,-31.774053460746718,3.8323008083160692,-5.161349140446362,1526584362.910434
-3.7759907843242715,-26.302161939770848,15.681221858434718,-16.972468466746022,1526584362.967112
-6.960296536512367,-29.406908997072232,9.364980366781761,-10.616523684673666,1526584362.977483
-5.5564189114564035,-32.64020313606942,6.981147427107208,-12.552365939262188,1526584362.998861
-8.447916018556393,-32.11149869973774,7.4809772498653455,-8.117005399827065,1526584363.130007
-10.551602464869624,-32.43929260977034,8.415708169692824,-5.073387941252548,1526584363.232015
-9.059765658973198,-32.529238635019766,11.066609374568245,-8.118353449056627,1526584363.266831
-9.893595766538859,-26.14442507172513,19.382844519654995,-9.274099552114222,1526584363.377535
-9.822068690225253,-17.15897329625313,28.575112712600152,-9.6189271185427,1526584363.402314
-10.20266147755183,-15.124562148286927,32.53342860894519,-8.135174038884486,1526584363.441686
-11.960545065080773,-15.353595014524979,31.33172586530388,-7.362536822665589,1526584363.469068
-14.162161407451253,-25.742401699053367,24.655774071507633,0.15529471383342752,1526584363.505531
-14.534178978592102,-25.506909310306217,26.163694374290948,0.1883291278883803,1526584363.541572
-14.920038822517402,-25.270151612486877,27.42848426179305,0.23702715686917486,1526584363.56979
-12.648588587020203,-13.844948035640241,38.210391404455116,-7.142654159908318,1526584363.607955
-13.383364738219212,-15.31780332022518,36.142686921788425,-7.200357743337236,1526584363.640907
-12.565274208052447,-33.08569286598709,23.93820080584006,-7.659715929740685,1526584363.668339
-18.134056558238626,-35.858073148234645,23.01689488361834,-1.3014623381425565,1526584363.901994
-17.299802093131284,-34.492177131770724,25.658946699808393,-3.1101319758956834,1526584363.942572
-15.579640798984656,-22.206540915908928,37.67794209136484,-7.094339412020503,1526584363.980737
-20.59544025929149,-32.52488099071454,27.486970572335565,1.1557759455616292,1526584364.016714
-16.580380442937674,-21.726237500878728,38.27100342464381,-6.695660002033577,1526584364.043172
-17.84743770150584,-23.17560841508667,39.01298707267487,-5.393763258945484,1526584364.070091
-18.541309659716788,-24.68737419988497,29.84759191307113,-8.295030886841033,1526584364.10212
-19.002438731503755,-24.60712813252428,30.314058352745974,-8.252497015875832,1526584364.151311
-20.268751637289345,-18.96922431827368,41.37448934307902,-1.9084561075376882,1526584364.178118
-16.897485425249926,-30.245776815611062,37.07968807402146,-11.838231387022631,1526584364.303461
-17.38404368288762,-30.180970545392967,37.43751396869536,-11.695713554236761,1526584364.33812
-22.72567312309294,-31.546120857844567,30.05848383937947,-5.949892035790697,1526584364.405522
-19.598237327248054,-24.196295601384143,43.13679248261904,-9.217990566820589,1526584364.44525
-20.98104484559483,-40.29856110980316,29.722630474191615,-6.086578329231742,1526584364.478984
-20.059705138483775,-29.17812861739936,40.31546698429242,-8.686305560443458,1526584364.509675
-23.21194471098979,-37.16329138344177,32.41830391575477,-4.165187800830353,1526584364.550382
-23.628969752960266,-37.051184280376795,32.47125941465095,-4.130110465191905,1526584364.57728
-26.583602896723665,-27.773239720620456,32.92433934677764,-3.6254502012025966,1526584364.643589
-24.865314083205487,-36.722081655636764,32.626351793370944,-4.0516727635843495,1526584364.710473
-22.598488614721983,-36.84601463598576,33.49138685557237,-9.064867822688342,1526584364.738737
-22.670981216436708,-38.7355104932699,33.304182463935746,-9.839516046405663,1526584364.772633
-25.876871479200005,-36.46020914418784,32.74986375417867,-4.020790836841655,1526584364.819622
-24.250848380670195,-36.802907123537686,33.29051205876841,-8.994679369838877,1526584364.910187
-27.156322211736384,-36.09900936945039,32.483839972910275,-3.89898803758814,1526584364.943358
-24.85343144890162,-35.438105276899826,34.177549478349626,-9.022462909042247,1526584364.979068
-27.78951168386138,-35.919913855304266,32.3513136398686,-3.850521754847989,1526584365.016478
-28.030536314868577,-35.83605353557175,32.17241632353139,-3.7909297490280096,1526584365.042903
-29.250511984739614,-34.8665136810068,32.148441237230905,-1.981850666302762,1526584365.075801
-26.25517601764375,-31.709018424040515,36.996868605122636,-9.091038464830064,1526584365.116867
-26.4176642035379,-33.75021939379691,35.19864596635381,-9.100265546256509,1526584365.14842
-29.711646803406953,-35.23383603804353,30.924233841476504,-3.384041868130055,1526584365.249608
-32.012846182900766,-29.641640119989887,32.90846064525031,0.9163765609444567,1526584365.284423
-30.236689429223137,-35.01860089322905,30.36448647835913,-3.201716516020724,1526584365.317065
-29.434839315472615,-38.098140623854135,27.2129102876901,-4.450241761235816,1526584365.345563
-30.072546886455626,-33.79816029638198,29.760148776706817,-3.7728660698859358,1526584365.381698
-32.13905435725951,-33.475188363383076,29.12522946769836,-0.56812468986206,1526584365.415202
-31.225932142666217,-34.53243336400198,28.583018850694703,-2.6275129356779416,1526584365.447868
-35.45764634338605,-27.453578430178148,29.853092046136926,6.144257294470037,1526584365.48731
-28.813078171555553,-28.788418854683904,34.767957808655886,-7.863763242334073,1526584365.516109
-32.42508771680575,-20.404091026339316,36.55316430907286,0.05725285545616998,1526584365.543444
-28.90841738175179,-29.22628401988152,33.781563920811166,-8.071143525869502,1526584365.583125
-35.14989874486403,-23.087168845873123,25.377595815263877,1.4186705414903429,1526584365.610889
-31.133451592293877,-37.85999850449433,21.773535991542843,-3.340571496689165,1526584365.653928
-28.913065925314818,-30.03145621869713,31.977774455161303,-8.433347388393457,1526584365.683012
-36.952891402516144,-26.010674672856922,26.115462756008064,7.876217122573166,1526584365.715167
-31.614373224787077,-36.651446265722065,20.36970163526292,-2.900215783550294,1526584365.762238
-31.005086392789682,-37.18878858583269,19.569626957531103,-3.9659904959513597,1526584365.788351
-32.05259701730199,-36.103156525346854,17.0058621893791,-2.358560480291459,1526584365.892315
-32.4303804785214,-39.20121018248616,11.349801647620644,-1.669949118738316,1526584365.929929
-35.065832047283244,-31.646531025116207,17.78450963176084,3.0012707960470095,1526584365.952659
-34.01351202554506,-16.236648817779056,24.696964425951883,-0.7112657146539618,1526584365.984884
-35.74717756124593,-27.388146928928922,9.942412707733617,3.611638825104791,1526584366.027841
-35.24536757920106,-31.468736092080658,14.907449272482008,3.5324233322606915,1526584366.052046
-33.9813371422262,-36.4122188139162,9.151975754882166,1.6089110501313542,1526584366.091377
-30.487421501032387,-31.42209178258481,21.819627596334286,-4.686778660958765,1526584366.121936
-31.88108922294673,-28.909166798854258,27.75378641808652,-1.282276432048036,1526584366.156286
-32.000877676840396,-37.713121246858165,4.3875253804856325,-0.9267534893282345,1526584366.188263
-31.331217570926675,-30.126134080600178,25.865048180048333,-1.6698795310094852,1526584366.220284
-29.413143685855584,-33.08753464500011,17.822044606001104,-5.581043059850089,1526584366.252379
-31.823427290386466,-34.312482745291405,5.141313490901018,-0.9936591174288196,1526584366.297598
-28.506232144666697,-33.92938008510823,16.58583150171973,-6.191605871464134,1526584366.32516
-21.376585179287712,-40.311628747954714,12.533822379205048,-16.124225363816947,1526584366.387395
-28.87362297656391,-34.15254016920685,15.986977889628278,-3.913415101283846,1526584366.45418
-30.042629842912596,-32.56077075499198,16.119214956733465,-1.544028488925136,1526584366.488762
-36.62502143459075,-27.922633733773242,0.9463108147210908,10.222202083738551,1526584366.527708
-28.30699051266032,-34.1612091562967,5.488559744433438,-3.099133336098504,1526584366.653038
-25.35873209440142,-37.454114698393475,-1.9225428373463664,-7.312502100592752,1526584366.724219
-24.11179057666851,-40.53680307059556,1.7825866963967636,-8.24543108261895,1526584366.758237
-28.227945286742813,-31.872985835979602,-7.742347396951686,-2.2463985483916815,1526584366.790499
-22.549344824576107,-41.488802181643464,-1.521599174621378,-9.870304176789261,1526584366.834066
-22.346456023747727,-43.52805174720242,-2.2326090507462295,-9.290996892195722,1526584366.863685
-25.12871533047895,-45.30975424375089,0.5475186429544046,-4.594038836390212,1526584366.957417
-24.458755944634316,-45.75277309524985,-1.9982313796944258,-4.4389836639853115,1526584366.998187
-26.43266257717772,-33.9763931217917,-29.537997203442046,-1.0363758604839575,1526584367.031093
-22.134531230452975,-51.1779040715669,0.5695070335155137,-5.939289400313044,1526584367.101923
-29.33826479709468,-32.1951153189537,-33.30576088911621,3.9838791178851523,1526584367.137936
-29.100535004537182,-31.595945029983284,-34.48142707017261,3.9829786134122855,1526584367.169939
-29.990768420995106,-33.25471300366116,-33.21134108136163,5.169065272584334,1526584367.219843
-22.465444904820114,-44.271815160101404,-11.121060168132614,-5.341446380989765,1526584367.232281
-29.21162502431979,-31.53344138886671,-37.97293065109493,4.497910057516805,1526584367.257026
-21.465116936303325,-55.53714651216566,-10.587100520028306,-5.86651728926185,1526584367.358082
-20.902384763712238,-57.84141887920684,-11.543333604758214,-6.34125332460593,1526584367.491581
-30.867968798229825,-35.52801347665323,-39.30983212021628,7.233375821246796,1526584367.561044
-14.606210304653633,-58.23142189894861,-18.869069458806816,-13.00014787171915,1526584367.693924
-29.020058091623504,-36.14169436280672,-43.07918675232858,4.836432896044698,1526584367.765202
-27.053507403101843,-36.073291169736414,-43.43242790368684,2.2681279731866937,1526584367.829506
-27.047754315235135,-36.377147177552565,-42.982688805772135,2.230726330310489,1526584367.862006
-19.99054540904196,-58.48560594424896,-15.152449313892895,-6.847251020480087,1526584367.899853
-19.249146096619512,-53.089224441401115,-7.619219623736329,-7.424970756818453,1526584368.069393
-21.07218604727368,-50.1187598362507,-9.218042929363536,-5.33190276729465,1526584368.101997
-17.451685188911203,-57.859332320124466,-10.355565389722287,-9.74004058668666,1526584368.138796
-21.02831353643579,-56.45461828766146,-3.797055115537617,-6.035202460869755,1526584368.177148
-21.149502160879102,-57.493461746760126,-2.632984358276998,-5.646979413351204,1526584368.201709
-20.90611281454563,-53.79336831361504,-5.22311160908823,-6.2568543489688295,1526584368.269689
-26.130867849670796,-42.937958775187255,-30.74870938427863,0.1257168033076539,1526584368.339611
-28.107009777667237,-42.238852391889594,-27.386341463503044,2.4662680976067293,1526584368.37239
-18.91266410266702,-54.08338776351673,3.6264504329189418,-8.749670945455563,1526584368.407502
-14.381310185716085,-54.7092280130961,3.8525093463160243,-13.556399570061473,1526584368.530265
-17.490753342931747,-50.907997143421746,0.42301869408500536,-10.747269280413065,1526584368.572306
-17.4225622150925,-50.84569616612403,1.7600490809683662,-10.79261688649214,1526584368.604359
-13.778856307006274,-51.90066184471481,4.510642487732971,-14.860691338513305,1526584368.644878
-13.791836557322297,-51.75320941983925,6.124226914286288,-14.816235138218133,1526584368.674107
-22.905890426857376,-45.21379807633625,16.395696009141794,-4.408193774116569,1526584368.74217
-20.10573734723774,-47.32275672679829,15.965310136570453,-7.853214018749952,1526584368.77529
-15.6422053917308,-48.29818138911856,14.708112474764519,-13.462730468975252,1526584368.83843
-22.87742929898597,-47.84487018731777,5.0352934429668,-4.644839509402573,1526584368.910225
-24.738687685474382,-47.34887474314343,5.201830338664346,-2.016557378649452,1526584368.943439
-26.0932782630488,-46.173058423377654,11.141308859998821,-0.9347802818907951,1526584368.978433
-22.352131006804047,-39.024531538330564,27.921823898390997,-5.7045790708810955,1526584369.008122
-22.069123215161085,-47.27002546392473,16.50414082371527,-5.882900552586676,1526584369.108316
-17.78669537331836,-39.927291474372296,30.164890476295803,-12.892279965901366,1526584369.177758
-18.975992372322374,-42.898037829885624,27.66720062419485,-10.0122501004399,1526584369.224362
-18.24796080276251,-37.66535220533839,34.628632868320885,-12.53492674614057,1526584369.261512
-19.460090500329244,-34.91957097001646,37.818696404467985,-11.102204506807851,1526584369.353688
-23.088585619518675,-43.00494442376623,33.021215590860066,-7.123814852451574,1526584369.511032
-21.756640756539834,-30.848386471785293,42.07328785493458,-9.774148786040115,1526584369.608828
-25.401665709918237,-29.639778666913166,43.18285077842659,-11.036160072351976,1526584369.743904
-23.0535906544727,-40.69711332874752,40.339933559957416,-12.312960300374385,1526584369.849258
-23.819417427817953,-39.53495747781428,41.00977056420073,-10.049026037048378,1526584369.892383
-23.39411846727803,-44.21112327759274,38.17319738799072,-10.738802166238145,1526584369.918487
-25.55041567599102,-34.40543528433908,44.337573998545224,-8.947283527514088,1526584369.979491
-22.39766689667981,-41.69223874233137,41.54114620182761,-15.404427070272163,1526584370.043342
-25.657239528906345,-39.97263180863304,41.16445841373995,-10.295494658852107,1526584370.08109
-23.834279556513803,-40.060644811025995,42.5640742618462,-15.053460624171379,1526584370.118526
-25.476219235079512,-41.94430301264611,40.10514374461489,-13.141767342498383,1526584370.148801
-24.775138613743085,-46.66274118273964,36.056843603516235,-12.05936881361714,1526584370.198512
-26.82981933192064,-37.66492768921549,42.30926044074438,-12.696232513046652,1526584370.288463
-26.536616982084563,-41.762107812395605,39.42190283699772,-13.078076797848553,1526584370.316025
-26.98419713701615,-41.64110711582776,39.097431623732064,-13.021491091466999,1526584370.33876
-27.43141791315514,-41.522666074190354,38.76959397415453,-12.965774134024713,1526584370.367496
-25.92065340606367,-45.72824038515396,36.163318037246185,-13.260299208313256,1526584370.409562
-27.198271267081722,-41.16883832256772,38.70817090684556,-12.644240745327863,1526584370.448708
-31.728999979378376,-39.628446659748285,35.332086267897246,-9.14364250101056,1526584370.553733
-32.764176308738044,-41.255183295565075,32.576415964355505,-6.669519640763355,1526584370.572252
-33.4887691348651,-40.70037238517997,31.766094388850174,-6.2277028398334835,1526584370.60491
-32.7990255642968,-42.91216763427907,29.17896781071933,-7.372009212068946,1526584370.620459
-34.60168049059335,-39.63551878115196,29.386387562631988,-8.012157811363807,1526584370.658489
-35.81980507109947,-31.614336104299507,34.27188692960235,-6.460593187541832,1526584370.691924
-37.713896946794456,-40.38868269073278,22.30633345825933,-2.0702505941693516,1526584370.794148
-37.6204780252982,-29.162313046201803,30.4881778095624,-4.340353997960165,1526584370.826891
-39.020624890656826,-36.17716694307103,22.05421362026101,-2.435389424903917,1526584370.863358
-42.633325063762214,-11.432253640770984,33.6956425478612,5.9986386185037475,1526584370.927489
-20.182556411303942,-70.62120373212915,-20.976731557411487,-21.220595893188374,1526584371.755126
-21.896131013947016,-70.53112381227234,-19.64348376435376,-22.041032624500303,1526584371.797927
-20.407310023565604,-71.97821053225476,-17.439805945441307,-24.16410901208394,1526584371.833924
-20.016499954266123,-72.76749421414148,-16.08674785296218,-24.588697740219715,1526584371.868934
-17.330050009200768,-76.27366079618423,-12.588598482218284,-26.488594756404638,1526584371.993943
-13.758873072124777,-78.98589913047407,-10.45137918401183,-28.625642312357655,1526584372.031989
-13.729351732618639,-79.84069281917337,-9.595309267272018,-28.446176102202855,1526584372.069892
-13.694273749340654,-80.87742803804701,-7.845463680743254,-28.35831357526294,1526584372.130495
-11.93828337574684,-81.99184507653342,-7.007931931112207,-29.07998229112249,1526584372.171001
-13.710895340999503,-81.52361021956509,-7.043426264704554,-27.7586947008281,1526584372.210012
-17.70172434301993,-79.66827800835999,-7.521480867764293,-25.323689891010872,1526584372.236255
-17.201147880913236,-80.5738448976417,-6.972339136303614,-25.056784808251308,1526584372.266479
-17.421603247695085,-80.49613230319261,-7.630533576338184,-25.003822196391297,1526584372.29825
-19.744055057774577,-79.87932118701897,-5.820816079797197,-23.51384478710048,1526584372.332927
-19.783165547084696,-79.6272818458905,-7.355046958102211,-23.227855550583286,1526584372.366585
-22.107675330150432,-78.69688817847405,-7.497849646663724,-21.385028115781722,1526584372.393254
-22.554261069503532,-78.43413606634452,-7.135333881784895,-21.03828123667313,1526584372.433893
-27.06537832759901,-76.12880201333574,-5.162197717773843,-18.173223380883286,1526584372.465904
-27.249771023490453,-71.72352156451106,-9.200751676451205,-20.89711114126922,1526584372.498926
-29.240438898378898,-70.68224049806642,-9.018386312602075,-19.0213722861958,1526584372.533206
-24.20205934430346,-77.42485454856674,-6.846911339842137,-19.986292797004722,1526584372.559666
-26.337326192966668,-76.54321955185236,-6.622708919951236,-18.172675877794603,1526584372.608313
-27.16934545449153,-74.89969470897097,-8.716883429595626,-17.905352947557645,1526584372.628861
-28.09151505214729,-74.53817808870436,-5.960664786124662,-17.366278363989437,1526584372.672301
-30.308109795514273,-73.58682337326721,-4.0164223072145475,-15.274004561590942,1526584372.700383
-29.25498693323444,-72.58888579176744,-7.528341304151606,-16.817482129637682,1526584372.731215
-31.67799597903843,-71.44156265867917,-5.601118067865103,-14.547794670256451,1526584372.770187
-34.501126301587014,-68.96891387505178,-5.35290538122014,-12.62358035046995,1526584372.798973
-37.47985528122232,-60.7249500652125,-10.338223591487695,-11.67800732955402,1526584372.836573
-38.388455769468884,-65.3578182109539,-3.804751578070336,-9.454322446855457,1526584372.894908
-37.461966169930655,-64.1497028086153,-5.214982704595247,-10.791323686193977,1526584372.96616
-38.88893506817574,-60.33099345241517,-6.242634411771267,-10.196896893313522,1526584373.065192
-43.723231481788645,-56.02431033241473,-1.4143724029127949,-4.964654618868309,1526584373.134947
-41.81514680004097,-56.79294383229471,-3.6434812504217042,-6.896361387702058,1526584373.177859
-42.769475923926834,-54.46539569752974,-3.2302054806405636,-6.351894595176844,1526584373.208894
-40.207160276512546,-55.980739920285515,-5.207769547413534,-8.903484134880586,1526584373.236608
-41.13833778368881,-53.70827160461285,-4.9581476947724,-8.45241865299775,1526584373.272197
-44.572677391078614,-47.08305723407746,-7.327592024806828,-4.983659463129953,1526584373.366264
-45.47905047385121,-44.6359768990978,-6.2033827378460025,-4.091424009659647,1526584373.402543
-42.00983109820019,-49.29174250410273,-3.1369602676139046,-7.4609145883793815,1526584373.441877
-46.04375334725639,-39.89496689645389,-4.74253712958861,-2.8952156370776265,1526584373.538002
-42.47758955852149,-45.003123253082734,-1.799947195821371,-6.813983018615545,1526584373.571137
-45.646232024194234,-39.597936720838085,-4.860033289677699,-2.4085875770946075,1526584373.611055
-49.064613626298254,-34.12533601677698,-3.4868239770565044,3.183631222414533,1526584373.649995
-45.88012631695445,-38.773897455317716,2.376088194595022,-1.245387129100834,1526584373.685891
-47.751016943009354,-31.1596064126382,-1.806606982275869,2.5518761090120563,1526584373.772454
-45.235935931455685,-33.51498422262208,-1.769460750750934,-1.8358686851820778,1526584373.805036
-46.43115056479601,-32.707272325573896,2.2775187831774755,1.0454149040486413,1526584373.83838
-45.53846280617792,-30.29381705776259,-0.9783273116897773,-0.8325549712793077,1526584373.88847
-45.37849037847512,-30.208149673911986,-0.5097778659587284,-0.7182142171305657,1526584373.907582
-45.82218478168484,-28.550826915185898,2.753846334866764,1.2088758796874117,1526584373.946763
-47.38121985198176,-20.637002595983358,-8.782530199438613,6.905289052820507,1526584374.048057
-44.24584353713034,-25.985861186105478,1.7132408044556389,-0.12929535874948783,1526584374.077742
-45.436274967879704,-23.214977305747787,-9.33837071080385,3.620201500025786,1526584374.112802
-43.57487834662085,-25.64590054345507,0.6458538636279716,-0.12132673500832425,1526584374.145342
-43.30885204480269,-25.658969145902912,2.2314761706079684,-0.1578145483020137,1526584374.185754
-43.821824523414065,-13.359933873115438,-2.4519587416965343,0.30115169884243187,1526584374.216117
-43.960385439206874,-22.845704600878513,3.249994385637808,3.4039449112622435,1526584374.249463
-41.072905417701726,-24.098273044928213,4.236390087098148,-0.6808372746147882,1526584374.375545
-42.640609803911616,-20.393213312603446,-4.5488749895381835,4.206760829768285,1526584374.414946
-43.02237565564225,-16.589647222157836,1.9942789669792937,6.6515655415115305,1526584374.450747
-39.78232795088851,-26.133149137608488,-7.418325155210294,-0.7271026861611176,1526584374.50153
-41.87855629389073,-20.520389718162015,-3.439949915336541,5.003063275211332,1526584374.53366
-39.95458962139193,-24.35522997366187,8.428867418152155,1.043908687678055,1526584374.554953
-39.65164381950516,-25.293217941329818,-5.0329447429370004,1.1575920896250977,1526584374.596787
-40.58598088696108,-21.542156493024937,-2.5014227199496366,4.318455420922277,1526584374.653387
-38.837888008167056,-25.953725705666045,-4.268659076292559,0.7553866314511879,1526584374.669238
-38.31111510740769,-26.323765274765254,-3.9085224794158986,0.5186670027769367,1526584374.698372
-38.21064442708967,-22.86175526039559,8.651892499662829,0.8070963951729482,1526584374.718953
-36.28344563494279,-27.38712368691771,0.422877356740631,-2.828627697431074,1526584374.748407
-35.60056168916411,-27.047881001618567,12.141541953401433,-3.0399216109996416,1526584374.786994
-34.45135878401948,-27.736293944991417,9.478324905196464,-5.1590704475615325,1526584374.821164
-35.5781607729288,-28.132808134088382,12.317746571992053,-0.7216852225780599,1526584374.884895
-33.41001509264851,-29.095478506145444,12.213714980546406,-4.166604795022096,1526584374.922735
-35.44854572735697,-27.12625555043436,13.31835522784141,0.7412524009181141,1526584374.950488
-32.715711594414486,-22.654386892119348,12.334174273862981,-5.2953537319283726,1526584374.986195
-34.333193115676366,-17.89674128085707,13.672604466685854,0.5137775426736084,1526584375.016584
-34.69712248532733,-30.151312359032275,16.31514169691137,4.505500536370164,1526584375.212753
-28.905524148515916,-40.74207767280259,1.8008393528991,-3.875658715953989,1526584375.252309
-32.43634747785152,-32.91113874685877,22.53436713054876,2.4551752498979624,1526584375.288656
-30.02315000786591,-35.7074635971958,20.959327137858484,-1.094999883386123,1526584375.334976
-29.584488514161286,-35.64833613256156,21.484749691501705,-1.1456766146381483,1526584375.35423
-28.900837145484708,-43.44664664798345,4.341288475019377,-2.052423008212628,1526584375.387764
-31.902135929953698,-34.41965719326752,21.105559957908277,3.744870360010225,1526584375.41804
-23.14289364998566,-46.964749656560656,6.963742988593548,-7.907621888230295,1526584375.486892
-21.847521169565812,-53.89969499835017,2.104395612045458,-6.230765385535648,1526584375.654591
-19.69941807772291,-50.31749535042119,17.452624045149893,-8.429785324707183,1526584375.685975
-19.338774411241797,-50.246577964194564,17.78778127412351,-8.421833966062536,1526584375.724864
-23.832602142561676,-46.31738942926577,28.66847473569396,-2.3228479611300656,1526584375.760226
-23.362652316729402,-46.32160489852171,28.970878572199073,-2.4435524569028075,1526584375.802145
-24.331893470194004,-53.69144341995759,8.032821733079496,-1.373132107019444,1526584375.831315
-19.59298891102861,-60.144655049289504,4.723152508924495,-5.138197589775899,1526584375.917988
-19.12414711092786,-60.244858657314886,4.6279488729453195,-5.264207145874991,1526584375.952142
-18.655824159995664,-60.343041156261265,4.5334156448812095,-5.389580680771218,1526584375.995199
-21.97926204687538,-50.93492595196035,33.85705496115473,-0.8187583403197891,1526584376.045467
-15.330196721343562,-54.98260713624418,27.342895571488583,-7.736279851972029,1526584376.074597
-18.553840046849647,-53.610175547990536,31.02768448064134,-3.9762298783607832,1526584376.110266
-15.566016575840672,-56.12225340587166,28.101344306540746,-6.828070527430185,1526584376.1289
-12.018584475602506,-63.765504634706794,4.557542022736475,-9.589731051149784,1526584376.174369
-15.089337790675451,-56.29579888523525,33.44892278624474,-6.380465328727212,1526584376.205821
-20.006857936673896,-56.64950249938541,23.814928240661082,-1.2641940981928599,1526584376.235204
-12.183371574756597,-60.31078601198399,26.440425005839298,-8.002029216586209,1526584376.318802
-13.561274905475411,-65.13906315043099,-3.2057352479147863,-5.93507501152186,1526584376.42229
-12.851546634805073,-59.77240332244055,26.031912450021977,-6.279798730824297,1526584376.459623
-11.789923612548632,-65.123613463222,-5.236398199546572,-7.12156135411729,1526584376.489949
-15.680524057669041,-64.46725836654336,-3.622856327968532,-3.4343547470424483,1526584376.550228
-7.787676699064316,-61.459400311835104,23.058525490514956,-9.90252580413923,1526584376.629999
-9.170514985176954,-55.68544818354802,23.998239153524782,-8.657954239617823,1526584376.68176
-7.795681108305005,-62.15524492687638,20.727826020348658,-9.472451480101938,1526584376.698746
-11.621676684388934,-52.08703274001189,-34.53581968953977,-5.362863836279246,1526584377.094
-13.206421773325065,-46.56815957612262,-37.45224488541703,-4.178552681220083,1526584377.201693
-10.419414384893797,-59.45175130931573,-3.2540059324477966,-8.184409949536985,1526584377.29961
-12.110258113170067,-59.05165716967269,-6.808376978954557,-6.442114939129283,1526584377.344137
-11.061564596673474,-59.75056752934052,-5.481712373174936,-8.088060795610772,1526584377.372049
-15.337719560115508,-39.96875540470044,-43.734430405853786,-2.902778217332269,1526584377.405917
-18.004655979997032,-39.962108042946426,-39.5355612230164,0.22907908589724002,1526584377.470926
-14.069809814208503,-59.77607889899735,-6.560310021623362,-5.8537706382495855,1526584377.479209
-16.263764357038234,-35.50402695177881,-44.960403388767546,-1.5239652380236919,1526584377.515204
-11.853472246864278,-56.305567937433395,-15.42484404862568,-8.223637050203394,1526584377.543841
-13.752805704874405,-49.47825792474701,-16.74189217325192,-5.913225492152776,1526584377.573197
-11.99604539994684,-55.03712030869753,-17.144557390551135,-8.43634754558181,1526584377.60963
-13.704124325659171,-57.27547655136466,-13.37756165256397,-7.65479811992023,1526584377.639467
-13.505708830244156,-57.32901469926919,-14.275836545316901,-7.49934627815972,1526584377.665512
-14.709954339175141,-53.03292221505484,-18.941432463841185,-8.121182499341728,1526584377.706777
-18.05658240102501,-30.59669634452584,-48.28141828779353,-3.2916404575025524,1526584377.800332
-14.283657193835449,-54.51903360503931,-19.25666565071605,-9.644185374865287,1526584377.902603
-13.973538121216937,-54.515145619958574,-19.768046254768503,-9.509789696515469,1526584377.949495
-16.761571789078516,-52.784353193295445,-21.936649311717424,-7.6723684388501,1526584377.985311
-17.3143342332714,-51.410729555974335,-21.89924960212296,-7.947565738574951,1526584378.017712
-18.077950214961827,-51.103691145386584,-21.869154434467674,-7.237408749231008,1526584378.052512
-17.953451085343264,-51.31181288589727,-21.71214886686333,-7.832954740858355,1526584378.078746
-26.749806505429714,-26.82850315247344,-42.37128977789871,6.216624475900801,1526584378.10873
-18.750104916436705,-48.79729918153926,-22.28925205068195,-7.132135554714296,1526584378.218017
-27.65958450174435,-26.43678021183031,-37.87441689346595,2.6707933062144775,1526584378.472802
-28.99311587541697,-25.278370174831217,-35.806609338735264,5.625312015428818,1526584378.509781
-21.5965724749864,-47.31455652263275,-11.024230504185496,-7.924197641931272,1526584378.573921
-28.00087945498859,-26.573856597003335,-35.423965050438156,1.807752973407048,1526584378.612249
-23.970613166734736,-43.196690605809216,-11.351069763704757,-6.070816173320935,1526584378.656485
-29.561701675698032,-26.97247322171066,-29.93335148701938,4.351048333134486,1526584378.713264
-28.737886648510287,-28.245732942168868,-25.94138876462059,1.6272324924507018,1526584378.743056
-30.159394087354304,-28.63391994986514,-21.975136896078155,3.8412397253686947,1526584378.840683
-27.48132633398521,-37.37689066519972,1.2055304428371567,-1.6745390385891028,1526584378.875885
-27.20407192662874,-34.92840149393879,-2.022187466663855,-2.3045064316122534,1526584378.917425
12.708920713351468,-81.48204474426045,23.31132418151126,-35.13471549873296,1526584383.944717
8.79584649037232,-80.6568050698949,23.29858255713821,-32.77180701729296,1526584383.981497
9.590930011545435,-79.46460641987738,25.460201576025245,-33.041149706879935,1526584384.076636
13.235793161730856,-81.68420786004333,23.1789739416732,-35.023550336671605,1526584384.117293
9.197021972749999,-79.06299964732821,27.45936635876476,-33.796229904524466,1526584384.157936
9.620232931526921,-79.18771207092044,27.102371161661168,-34.01287338810428,1526584384.197392
10.036883287360368,-79.07565044076655,27.964564889146036,-34.35077376211132,1526584384.224903
5.636920628625365,-78.77410666202726,27.378793691973783,-31.522667085251925,1526584384.252485
4.66800524395367,-77.42508647042851,29.25490720833256,-30.93708758630092,1526584384.276974
6.377035001404992,-76.31708606946236,31.682162943846826,-32.40065459741558,1526584384.316252
0.664037008901821,-75.4169952560097,30.82108636674112,-29.143448872645166,1526584384.34282
3.0238736686143763,-74.7461719310315,32.773411521394266,-30.96565390151912,1526584384.3837
0.32051175805316623,-74.34872419431674,31.095887590330534,-28.889729018343644,1526584384.417736
-3.00653085517839,-72.29611254855519,33.33574120442398,-27.39718800383372,1526584384.455041
-3.9550736238088957,-72.4453273577648,29.871684437129158,-26.57095167975217,1526584384.489261
-8.215043393086303,-71.30197138645585,27.464834078179354,-23.801333248791224,1526584384.517094
-6.340186816203977,-70.73227432018422,-24.493124827265202,-26.65332924941228,1526584385.157117
-5.585352369166662,-71.53433439650092,-22.264888196660678,-31.376216155316143,1526584385.267466
-8.993365611991495,-69.02706575505036,-23.621703441945886,-30.410219619605527,1526584385.296687
-10.198462730819799,-69.7893082523544,-21.445129450727173,-30.500589860556772,1526584385.329046
-11.644394810317113,-69.35099257628008,-20.283310937478465,-30.848865554282867,1526584385.358682
-14.083199129550316,-68.60206308222426,-19.517540386219785,-30.07905253316963,1526584385.396773
-14.390890051270466,-69.24874214539513,-17.86101923669231,-28.644952129228415,1526584385.429236
-15.29590814774015,-67.4125802100101,-20.494574040392692,-29.90183059755475,1526584385.465385
-16.241757700101584,-67.94254486789964,-18.756119281222286,-31.65235726202755,1526584385.492883
-18.615293640663786,-66.13636239266347,-19.89642535276871,-30.35465518456371,1526584385.539171
-19.70780663926393,-64.89031245726395,-20.526453184561596,-30.487854301453723,1526584385.567259
-20.98438330013137,-64.4336539113804,-19.58454369486178,-32.41705442595722,1526584385.605301
-21.899410698824187,-63.82508721756984,-19.952383218889253,-30.90771533080931,1526584385.652619
-22.5915671677282,-63.12085796888472,-20.69304455812718,-32.7275866010377,1526584385.670061
-26.67150867460868,-60.402849627153486,-21.2912381435795,-30.226641123977572,1526584385.696292
-26.878822703583005,-59.09644794878529,-22.78709292407892,-29.987530711400865,1526584385.726341
-26.859881605338778,-60.02708549196544,-21.376089763800195,-31.8950700058501,1526584385.758913
-27.542044974302783,-59.386004545627074,-21.323059212367678,-33.50620291595385,1526584385.794178
-29.775553768902217,-57.03056397945008,-23.33648985339303,-32.38569844159136,1526584385.825719
-30.258374876966137,-56.192414707997514,-24.42508453988767,-30.713620058357918,1526584385.861355
-30.466518443033976,-56.15018260389047,-24.08136788588461,-30.67292114239632,1526584385.896479
-30.309728953662894,-56.959523746740096,-22.258653997828098,-32.272115358913226,1526584385.946857
-32.418734017756435,-54.259417816446614,-24.113024326596495,-30.901354727871876,1526584385.978842
-34.90516315235,-52.797933503739166,-22.69952195892879,-31.2019226712938,1526584386.017004
-37.87302240624155,-49.73344040549841,-23.36115391265988,-29.757869210376356,1526584386.058705
-37.211079924082036,-49.453793173353716,-24.745400580438783,-29.769732769934762,1526584386.101674
-37.26617677603071,-49.30996554885737,-24.41612577487066,-29.65036413996637,1526584386.135799
-39.03728996418122,-47.32272326017173,-24.447033340754572,-29.66685208626248,1526584386.177271
-40.088545977563285,-45.916248391941714,-25.038874397354423,-28.168483319116973,1526584386.208281
-38.129817243286354,-46.972096664926084,-25.65271606080225,-29.62972061851073,1526584386.24174
-42.91604288824587,-42.12420220652091,-25.717810284377073,-26.41042399221527,1526584386.273476
-38.163115749357196,-46.66610125364138,-25.449797004342773,-29.47351679490538,1526584386.295384
-41.03642041265076,-43.352129092649825,-26.05845902160111,-27.76275081351565,1526584386.315973
-42.038656235728396,-41.500791745201454,-26.875623963281846,-25.935751045723805,1526584386.335451
-42.699396214740766,-40.88318317442911,-26.10877703870993,-27.81538470736325,1526584386.373195
-41.762224979799754,-39.2473286273095,-29.626368906444725,-25.659826828990305,1526584386.410638
-42.589925464274515,-36.49207883168506,-31.165846616122987,-25.785655396947817,1526584386.439614
-46.79419295263574,-32.44293355079197,-27.770285265026686,-21.985630070638962,1526584386.494
-44.910564468484836,-33.727853918602925,-28.21504783097455,-23.86892320875762,1526584386.531797
-47.24697718475486,-29.325437819421357,-28.620969209666896,-21.887369933627156,1526584386.560773
-45.739880292749575,-31.520343843825593,-27.42045239758845,-24.10268614580221,1526584386.613315
-46.952074422896565,-28.291348843604226,-28.13600975832647,-21.17237457730488,1526584386.661657
-43.98280824831092,-32.79567013121277,-26.966799602779695,-23.09260070643566,1526584386.689283
-47.490519478266286,-24.928358853922774,-28.405060701104027,-18.37025550026638,1526584386.737049
-45.88845280782822,-28.06383050162755,-27.13339473289752,-21.290801537611884,1526584386.778912
-48.37807451270427,-22.749414805407362,-27.040206981031073,-15.230516790345035,1526584386.802475
-45.3278622796303,-27.585411226236523,-26.639303847542443,-20.963423193771547,1526584386.848134
-47.52465529469575,-20.800349559707282,-25.953686662455187,-14.390146570825948,1526584386.940154
-45.33743434296591,-23.72496630387429,-26.347135121151723,-17.902715417097284,1526584386.968967
-44.8916422619621,-24.125860642141358,-25.981162578069814,-18.170334818969224,1526584386.993488
-44.7318487505873,-23.340517380796463,-25.810399604786586,-17.635904676558113,1526584387.020364
-46.123402686054916,-20.470568201657894,-24.642628541991556,-14.040516133287554,1526584387.060149
-44.57670122297342,-23.465791046844593,-23.65882665962255,-17.39740288440538,1526584387.083321
-44.0367829999036,-21.712802049296744,-24.415186225921357,-13.819356342584001,1526584387.149905
-41.63066203182106,-23.084456290295652,-23.601844372478418,-15.221949243861928,1526584387.262015
-41.15925145378853,-23.026737067420466,-23.250378509174375,-15.18468138958238,1526584387.303312
-43.633955903581466,-16.65402396182697,-21.719386327613947,-2.7090548561670005,1526584387.376301
-42.420836840595676,-15.623213061251917,-21.417423274813864,-2.258224540062514,1526584387.501942
-32.29230989178452,-35.00317533884339,-18.26605929276505,-12.398351117319976,1526584387.770077
-31.514519034336235,-36.48882639665209,-18.490027409474237,-11.951305174104903,1526584387.814009
-31.30866372607539,-38.90099669662198,-14.366416883423453,-9.635955986394691,1526584387.906104
-31.80015973527341,-41.572922601790886,-7.31940449203784,-6.818419858807374,1526584388.013754
-36.60307202088546,-34.74727119135695,-16.307783394561945,1.1629708357113202,1526584388.046007
-24.317632587498785,-49.04178220825822,-11.103280228602726,-13.778022998414428,1526584388.109181
-30.569495846440667,-48.76694900191893,-12.591462325049767,-3.8172218258149826,1526584388.238982
-32.93499926958551,-48.42466299755111,-13.453661336719689,-0.5441545716554685,1526584388.270759
-17.676332884677123,-60.30867794591926,6.189429392994715,-14.61477836398737,1526584388.413282
-20.64799505657783,-60.819171977558696,4.16037116991561,-11.17580677072857,1526584388.44845
-11.184007243162567,-65.53716314055978,8.041765950245168,-18.794767623973996,1526584388.47794
-18.262557837458,-63.27170597243783,6.2881737312587775,-12.354790541727482,1526584388.524837
-18.783766082857895,-64.34385251918282,4.33095525365208,-11.209614100357868,1526584388.546339
-16.110812759886464,-65.08500286177497,10.262342902252703,-13.218822524670031,1526584388.58674
-16.28457107837528,-66.37695606548677,10.532603745042554,-12.609984708459706,1526584388.620291
-20.450159860405293,-67.06827135607656,8.800492102951733,-8.14491787442006,1526584388.685907
-12.444883637623082,-71.63831604707464,20.512605414780374,-12.927227021420066,1526584388.846073
-6.30460157361441,-73.46183421447024,24.297617990221255,-17.289514603689156,1526584388.885927
-5.939487992757311,-73.22395691505942,25.761211436675346,-17.332925341250927,1526584388.915829
-5.732187139061242,-73.31800032117005,25.061877736189956,-16.789496755463375,1526584388.962739
-5.217092415896533,-72.7427915649929,28.45046258774434,-17.419889293355197,1526584388.992571
-4.861756930704602,-72.50463337353409,29.67134068924056,-17.46117497413661,1526584389.021958
-3.464620281453095,-73.37104634793376,31.371100050526948,-17.930342220699856,1526584389.053976
-2.077791028154561,-72.2792082380064,35.6168096642076,-18.937910277681993,1526584389.101795
-8.887480889644944,-75.09110124555963,25.038515036250207,-12.973605712640193,1526584389.132923
-2.9929425205505535,-72.73087572101794,33.70942899230923,-17.969611631740946,1526584389.160595
-4.002669247955944,-72.23399807458432,34.40091365245085,-16.96881853199568,1526584389.188209
-7.538576125190655,-73.42038066151696,31.006178701431867,-13.614975747782637,1526584389.233183
-7.152353593201323,-73.37465903824945,31.34965269260171,-13.671347229740292,1526584389.255416
-6.022746965570233,-70.60484695982451,32.344774541522284,-13.954220326462803,1526584389.377919
-4.310413436739139,-68.52606210961963,37.150508326392625,-15.542003908262785,1526584389.420189
-9.220458041467717,-63.88056538522666,28.476613518659462,-11.075437431832711,1526584389.649593
-13.00816594794953,-66.43573452980085,11.891774043966242,-6.936646893290117,1526584389.781561
-11.513129873724436,-62.68175588124438,16.112261448455236,-8.423450657425974,1526584389.823956
-12.371607945551728,-61.23666552405387,14.231706271539132,-7.861734196892087,1526584389.853908
-12.698562705447406,-61.5857615362072,6.627432295974767,-7.007623732114922,1526584389.921464
-14.53484726661609,-44.69425775080032,37.04321208024569,-4.88187466022282,1526584389.960008
-10.273838071432147,-58.58391691139898,5.785195978312588,-9.66799151556711,1526584389.999152
-10.575392332472193,-53.67578579369679,13.451780326419108,-9.944482598606925,1526584390.058625
-12.30544157592732,-53.96590685127728,5.883247493226455,-8.26164844349492,1526584390.06635
-12.396971926511473,-55.32979677881712,-2.8137902534685324,-8.095241532828027,1526584390.09677
-14.97830866225551,-43.76962369597098,25.875474029534814,-5.717871600354158,1526584390.129865
-18.220940248535083,-47.20824179582568,-4.976151975758468,-2.6452393063497652,1526584390.229826
-16.762078308547053,-44.94521567285724,-8.036240037516581,-4.760482508463497,1526584390.280456
-17.557981187024446,-38.11403239863367,16.77931675335824,-3.9754042085855303,1526584390.308809
-16.299075358387537,-40.08496740596371,11.8708589674698,-6.576447992579062,1526584390.342441
-20.40906885322252,-39.80318568357385,14.854438237585157,-1.3498506522070954,1526584390.377093
-16.228816750827676,-41.375062315754676,-8.414001451132606,-8.254822820638822,1526584390.407287
-18.109731546891975,-28.96888836618208,-0.678364139609227,-7.385582893867365,1526584390.432585
-20.849456848116677,-36.729272097257294,3.323768485917255,-5.327516605238202,1526584390.532118
-23.829786644786942,-30.30577047828534,-14.242292780832692,-1.4099357456231019,1526584390.563454
-17.630546938501396,-36.3615540532414,-4.610451252231111,-13.99582974462001,1526584390.630273
-21.99081922320178,-32.13996724302996,-8.714959612457841,-9.465012378245063,1526584390.697876
-24.62688631651871,-33.386048598555995,-4.54946400504666,-5.426679158981585,1526584390.735116
-29.889184394584635,-20.712310823515363,-19.854642888213178,5.5048012800440915,1526584390.770896
-25.59777161830688,-33.517215129420116,-7.884659251967083,-5.231542808799418,1526584390.821206
-31.098339018678182,-19.071840499367813,-22.285165323717806,6.212049771838707,1526584390.857209
-27.349907236630724,-34.04131451762501,-6.7557798922657835,-4.394500011998673,1526584390.89868
-33.22968277017428,-15.461174981414386,-27.63514221571094,4.351674935228772,1526584391.016761
-28.370677542105128,-32.026749386663866,-21.24058529230789,-8.406660250975534,1526584391.065941
-29.470975006675364,-31.911363451038387,-21.689535228155393,-6.869067000417488,1526584391.101543
-28.95335296059024,-34.212687692389004,-23.140168167048547,-7.645653211383149,1526584391.14735
-31.285482428166866,-37.33402055716834,-22.482128260281684,-5.857752190496683,1526584391.23075
-31.619200937182978,-37.451617556208696,-23.555793132654813,-6.01630384259667,1526584391.262918
-31.92915400521828,-37.59356945135379,-24.61167962374015,-6.215392837528441,1526584391.303915
-30.20299022144596,-38.596572709786855,-27.93917886439478,-9.818454075996954,1526584391.334767
-32.308809684455916,-40.07049757613455,-25.725850040795912,-7.114403394351967,1526584391.364886
-30.326804998273538,-40.75217631965617,-30.547036750376733,-10.13236271435477,1526584391.434183
-26.88701792803583,-45.8758552827609,-29.531827962716125,-16.007226183330545,1526584391.469959
-31.13005372227332,-42.88493375855729,-29.178263948301677,-10.389917623827472,1526584391.501354
-28.56868850277958,-46.52525641566679,-29.234413327819063,-13.580190787789292,1526584391.53406
-27.405793320229062,-46.603779026622206,-31.234042439112173,-16.500727664467348,1526584391.574123
-29.324225704418236,-49.74681187400411,-26.203729663149602,-12.78158425729913,1526584391.608112
-28.437831314441567,-49.46221176993542,-29.718733763178733,-14.590757027347934,1526584391.634167
-25.973545263743933,-52.194671372901304,-29.962516595231925,-17.206289853648798,1526584391.665819
-26.8588404309274,-53.05641809991859,-28.755703792693115,-15.317138088137881,1526584391.699216
-23.003911187908226,-56.31699997820899,-28.281732128511045,-19.530164000668492,1526584391.740935
-25.448765260707667,-55.72501694901696,-28.05925200785257,-17.57188625273338,1526584391.763624
-22.962253536229515,-58.24629479322846,-27.761296437465166,-19.6815323484563,1526584391.8006
-25.623672273090364,-57.316516168256896,-26.649165318860767,-16.698032673464525,1526584391.866151
-25.780009649948585,-57.239800963924395,-26.91082939925277,-16.551672135847582,1526584391.8832
-23.519694967477058,-59.39969515583003,-26.61348190713187,-18.51613531472512,1526584391.905641
-23.459554958639902,-59.480457626284675,-26.719544018184422,-18.5847358323808,1526584391.949889
-25.941172581741203,-60.20041019209144,-24.258012673216157,-15.501619552718097,1526584391.99281
-22.06384394094154,-61.559561743926835,-25.65724273551449,-20.325474895533176,1526584392.011681
-23.675353198171464,-62.04199427067809,-24.149018121787062,-17.316392863441138,1526584392.039144
-21.041510802143172,-62.949420127841634,-25.325514420699427,-20.268840386227993,1526584392.112012
-20.37692906216278,-65.14261796577445,-22.703750968459076,-20.14455051578389,1526584392.140907
-23.663509446007904,-63.34844511564228,-22.673159073356754,-16.99916725825173,1526584392.176849
-23.03384251756894,-61.351351334146365,-26.68341322647249,-18.01546427838221,1526584392.209947
-21.441382114674937,-64.81371637120691,-22.171452157108767,-18.433708869534712,1526584392.242395
-22.360099323016843,-63.41695655120613,-23.86139044602111,-17.883831922701404,1526584392.276776
-21.376022302726266,-64.90928435922761,-23.20668741531884,-17.783396740849014,1526584392.312449
-22.887016300840564,-62.25289479163304,-25.108248445343317,-17.52343363463831,1526584392.341935
-22.17852682927218,-63.41470627030057,-24.497574717922845,-17.026305840144516,1526584392.384356
-23.134581335868617,-63.74628782033868,-22.43253999704475,-15.262630513119632,1526584392.417738
-26.443992354317807,-61.6893714044114,-21.303439899131384,-13.08589151360627,1526584392.463352
-24.02084961899779,-63.29735396651393,-20.82920922499754,-14.843942749871701,1526584392.503003
-26.997547468909517,-59.574431928292114,-23.04147490177934,-11.6558408526993,1526584392.539835
-24.37556846227452,-61.38100496856864,-22.403669600916793,-13.688960866817382,1526584392.559774
-26.318893474758223,-60.794147341568234,-21.22661724098908,-11.126581911888849,1526584392.583349
-28.63175931846614,-56.27094493681418,-21.404489641573633,-9.063481049298304,1526584392.676126
-28.07074727436108,-56.46735837098474,-20.192321813642685,-9.419619836098263,1526584392.712928
-29.53554607537032,-57.37099967930411,-15.257638663121345,-7.569097031666985,1526584392.740226
-37.35002854361204,-34.73801975435802,-9.891369203379796,7.018145896076305,1526584393.177063
-34.7052557987079,-37.09854498370997,-12.245091773246017,3.569267271991805,1526584393.209953
-40.110749874992166,-32.13369308975071,-5.076858520268191,12.680541598395422,1526584393.244596
-35.70237036887243,-36.141588145585246,0.23151333734098167,5.910648929524228,1526584393.278014
-26.55549258650694,-40.85469016896244,6.4115632086935435,-6.536889783471963,1526584393.347292
-27.762578733716357,-27.746500652079604,30.878880681579844,-0.41323478847385786,1526584393.576068
-17.66568028216767,-44.64233049497967,32.08880816440732,-11.026851382487507,1526584393.843618
-16.248791833606514,-42.14317474701998,36.94570167125883,-14.114831995403733,1526584393.882436
-15.392613698609756,-42.896558734041726,40.08852789859108,-14.515364159147907,1526584393.954619
-21.417386984044704,-59.80331918862129,31.732237913238425,-14.305096532667648,1526584396.129108
-20.491742796571646,-59.10345790029177,33.34640755689882,-15.536767086405831,1526584396.17357
-23.252288624244237,-58.016112980185724,32.480039593899726,-12.371215889141212,1526584396.202207
-24.26386098556715,-57.7644085500592,32.83177088849499,-12.121842629733408,1526584396.254256
-29.738043495460143,-59.89156954707098,21.750010816918568,-5.14418144332484,1526584396.298385
-32.379826250245266,-56.87994279532553,22.727953938668747,-2.846803804938105,1526584396.334818
-23.03582478934531,-46.39658989968818,-9.590369039217979,4.234249232090605,1526584401.399869
-22.66624851313006,-43.52159238761695,-13.491050998975496,3.8255249467951558,1526584401.431784
-26.025072946523462,-44.349971249406174,-11.110092326743903,7.78276878165164,1526584401.485019
-23.29187540872319,-44.94945660582329,-12.044237567375554,4.004081544009921,1526584401.51745
-23.86468052323902,-46.07030092305419,-10.232318304159628,4.42437121777408,1526584401.566647
-17.37443056243903,-40.5392379698115,-20.367849509178832,-4.806141699200367,1526584401.661978
-24.071631863943065,-42.93930464965284,-13.523227942013982,4.270014100659381,1526584401.678315
-24.339672430955748,-42.837607043416845,-13.334359977355165,4.379245879332956,1526584401.706455
-20.073486587643,-48.26074646603786,-7.323135843485938,-1.4661566632650533,1526584401.736748
-20.32210189334199,-48.16328408623666,-7.145842807010354,-1.3894610842411907,1526584401.782626
-25.32392200761997,-45.15257059318864,-10.222206488892828,5.163405693385414,1526584401.822916
-23.283397111565577,-45.11517569035517,-8.761443137801372,2.2095915464771565,1526584401.859312
-10.648011492930378,-43.802694224621895,-20.429822519845644,-15.405421296818645,1526584401.915812
-22.649941870300182,-43.74090216649387,-10.633499497220672,0.4178695716874756,1526584402.00751
-16.923291912376317,-40.57321857613363,-27.994762742118226,-6.9744460792919085,1526584402.044391
-22.358237800436278,-47.06744881990122,-3.7124674524351438,-0.5501985156323599,1526584402.085382
-18.072358016984943,-48.839827114906406,-3.4186682779936053,-5.904170254460325,1526584402.118739
-17.89241589872796,-40.88073210860661,-26.924727304693647,-6.7123199168223096,1526584402.175755
-21.540169203973885,-45.00087249216635,-6.444622346754779,-2.431511513258158,1526584402.235511
-22.06785995636929,-44.8049353956187,-6.121930229583175,-2.251653754614722,1526584402.269925
-21.7101755363485,-41.95946567260255,-13.885853085434166,-3.5836930325018557,1526584402.306139
-22.34959702418895,-46.95218131649235,0.38152850234202695,-2.7923408991690337,1526584402.33393
-22.03748480226632,-44.8030339898165,-4.62145063182499,-3.801105483802388,1526584402.352269
-24.2887189617024,-46.01360458107434,1.5493245321085496,-1.5397537481156292,1526584402.408845
-24.20701146121453,-46.04072543892392,2.0480419890997466,-2.1343179292923367,1526584402.45318
-25.25146300197931,-35.40379878592381,-4.853485548841108,-0.7364316679023659,1526584402.471424
-26.18915565552559,-40.06445197508021,-24.088115932649643,-0.11488688238597433,1526584402.513934
-23.94911994518906,-47.66535168699106,5.730673047558795,-3.8184389768071014,1526584402.549583
-27.147594740841683,-42.65991952438051,-2.357742597314556,-0.201256342283898,1526584402.584899
-22.198351393101387,-45.89325583736721,-4.041779662609884,-7.517582654233024,1526584402.611166
-26.673236162655275,-42.97909416389568,-0.9674792013154248,-2.2576592854169917,1526584402.645861
-23.11593511137077,-45.706012659448625,-3.2078905271339537,-7.349149050456049,1526584402.700616
-29.696473877329083,-41.31241252092496,-0.10430269491759159,0.8484393525335747,1526584402.707501
-22.21429079094068,-45.67907831853903,-11.786303367029658,-9.462094493978242,1526584402.748498
-29.7406644161378,-41.11109263885945,-18.976435867779504,0.17693378429444806,1526584402.782076
-29.589743953769407,-43.8804733842749,5.996689670204239,-1.9194464843066328,1526584402.883345
-32.4055839842019,-42.321748725615635,3.8487579280604027,1.2150672178435684,1526584402.918395
-33.0210645728058,-41.97483732298416,4.45651198653597,1.5343803211604836,1526584402.94541
-33.90184890778031,-42.03777490308795,-10.135622903008862,2.3158713477066613,1526584402.998627
-26.638007792432987,-48.24536123335374,10.210260299908484,-7.264390092465675,1526584403.02774
-30.554325765992708,-46.67681337270912,12.973810021379682,-3.2644157762882458,1526584403.081462
-30.875291138295857,-46.064518946660584,14.418889848211704,-3.2133696320272804,1526584403.127339
-30.410077043233773,-45.85914045914126,17.38807423207338,-4.161688585518533,1526584403.147962
-30.943472106810052,-47.72006740311484,13.104185510356746,-4.8431586264083535,1526584403.255749
-38.27983120189621,-45.11980600550324,-5.591013280511119,3.972763878069628,1526584403.284916
-33.393249980116494,-38.968736462644934,18.038830366722088,-3.060096601822778,1526584403.320809
-42.089646725186675,-43.33371555048392,-2.4207242402407356,7.981296652631073,1526584403.358248
-37.82856600685761,-34.52127357442592,14.670606804863562,2.297957052822511,1526584403.388181
-42.69882158375319,-43.30116177637853,-0.5783391431122329,8.026514937260373,1526584403.422774
-43.314523263001895,-43.1430569055679,-1.7196336987519398,8.782637569377783,1526584403.458961
-35.63473024633481,-38.150216306725774,22.68197514928319,-1.7632155861755052,1526584403.511241
-43.9312517442427,-43.19450594945888,-0.7986088150659292,8.694991757669555,1526584403.546174
-32.90923096893552,-47.17838837877518,26.00721500608637,-4.918085441179471,1526584403.580016
-43.79673127968963,-43.29613043099527,4.12168934103087,7.946963991790682,1526584403.629927
-43.94781461386885,-43.31281637912176,5.159234294691807,7.888346874680167,1526584403.654812
-44.092463111666085,-43.32048528993454,6.19916612135142,7.823795234809353,1526584403.68593
-37.800608502273334,-35.156155718610286,27.007962486394952,-0.5080197389236218,1526584403.717434
-34.74067014533109,-40.51835108980582,21.182154990527618,-6.351880431369835,1526584403.778031
-32.39018659534508,-49.57973831148252,23.390818031610742,-7.058992708322194,1526584403.806712
-36.78407396087567,-43.650377530234266,29.186690277888985,-1.5418444496586687,1526584403.837026
-46.919648840290485,-44.60526740548192,10.887223606570545,10.638969116187837,1526584403.956846
-44.07702016336019,-48.16794138068491,11.412373284712121,6.999221702945874,1526584404.084016
-44.32748745078541,-45.32383659877063,17.241521052289023,8.284758839419453,1526584404.161107
-44.21095945043155,-47.85331980660171,15.378841684524026,8.799592194679462,1526584404.261385
-43.271159940645624,-48.25959696229309,16.58673527652542,8.54264945358463,1526584404.290354
-42.49197130450676,-46.417244353290954,18.638411654022853,7.4280687222254755,1526584404.329072
-42.99916849773429,-48.62085675034425,16.099071774665703,8.310895101905203,1526584404.363754
-41.725031089197074,-44.951240058822414,23.065464682132287,7.59027236452755,1526584404.412503
-42.12479677540004,-49.174812919591425,16.127209974537408,8.035037701489102,1526584404.45267
-41.66371744748776,-49.45509575347476,16.270308286217546,7.871473148411582,1526584404.474712
-21.318152912655933,-44.700760333237426,40.12071432307725,-9.489081472942502,1526584404.824778
-21.3799970259623,-47.11865638870647,33.226813730413,-8.20709942699935,1526584404.864939
-28.523517755736012,-52.186709365331076,9.675196778985521,2.3976366367954256,1526584404.992907
-29.685743057311516,-51.76559066312893,10.388824049254339,4.719421244712436,1526584405.019968
-28.68956444039313,-49.24362756056937,13.352585430773246,4.488652926817053,1526584405.06017
-21.599666148568986,-51.78526410597363,7.651254930979437,-0.2897358427181871,1526584405.191993
-16.445577958807164,-38.24180675135223,27.01984721981295,-6.403127093815783,1526584405.232548
-15.860023611938173,-51.105277182715206,5.1588711160020475,-4.452425304633977,1526584405.329708
-13.342805746785416,-44.05403045278795,3.8689621195170014,-7.15779114127659,1526584405.367236
-15.783386480194354,-37.02187284573793,18.54512308931418,-2.388070920146987,1526584405.399087
-10.599449457282239,-45.1051211427123,21.578616874897342,-8.726140271635956,1526584405.430858
-14.581369053648029,-50.32973678836099,1.3007304285548047,-3.1908798125033684,1526584405.473141
-9.944824915966727,-38.286779068315155,21.433126805486655,-8.441577975089842,1526584405.499903
-6.981963562211201,-47.2096474880865,19.588530086144882,-9.681743477149041,1526584405.596328
-8.970483270281083,-46.36146763252736,15.802397505991205,-6.677230380301921,1526584405.633327
-2.8942870432062344,-47.38039976531397,3.3798636346412927,-13.195315099562123,1526584405.708839
-7.3504613082960075,-48.53371748619326,8.386442646082118,-6.100980403499335,1526584405.829941
-8.615852276599213,-50.15051726344866,9.111143603913588,-4.504167120549511,1526584405.865261
-9.664926222792328,-50.25215171569078,2.0982440198488437,-2.4986865401832006,1526584405.966408
-10.81010350430653,-50.712210892858806,-3.355699267333261,-1.2575851222981953,1526584406.002591
-5.95279955545966,-50.952049241781516,-2.4731579934608696,-6.358833529195579,1526584406.039406
-9.047116377735923,-51.38093617462577,-3.704731271041183,-2.919931353980047,1526584406.098709
-10.44391415748259,-53.43889232888098,-3.0300370492330835,-1.7969742517113048,1526584406.113013
-12.272459401116873,-49.92856941709689,-12.659961644529087,1.2617851221208696,1526584406.141183
-9.692002804994859,-51.64291944264476,-13.23282534655976,-2.0829041269502113,1526584406.173199
-13.538631865928023,-56.22347930064004,-20.924347094920645,1.0200023969042036,1526584406.338344
-11.307529294799002,-56.325941191300096,-22.277775003792463,-1.2709611522962518,1526584406.377909
-13.491012051631335,-56.17935782366164,-25.25951604236446,0.7560564511268524,1526584406.40668
-12.406669423836107,-57.40737721861532,-23.9982118778293,-0.569278431102731,1526584406.451594
-12.956286338634298,-54.7808537792295,-29.561247103044686,0.6627455454486437,1526584406.476784
-11.518243575147647,-57.801644867564654,-27.992996218171502,-0.9145409793600265,1526584406.508403
-14.677558752590153,-54.090986771098066,-34.244361412298844,2.149450241009532,1526584406.542453
-21.681141655793496,-51.42252267041769,-31.86991219073177,-0.8847570144203871,1526584407.173944
-20.548652837314222,-52.31458329281417,-28.76590252326736,-2.4203777179816086,1526584407.244452
-23.143956068413775,-52.39193599020959,-25.65418107683895,-0.1529234954427352,1526584407.281795
-21.554685416971473,-44.567569857385486,-33.48882882003902,-3.399053011784275,1526584407.315551
-22.37738990058429,-44.28314877909229,-32.42733126799706,-3.0501677034185093,1526584407.347722
-20.48461677976085,-30.378535972558844,-44.96971192231949,-8.114841087615133,1526584407.37794
-27.679423389163794,-39.745840584789796,-31.233467762177764,2.360188220825961,1526584407.413613
-21.65670640686771,-42.7980948704443,-30.674730770333486,-6.795850206952963,1526584407.442642
-24.040029580019162,-27.263692945558887,-46.08023168515257,-4.149537323411835,1526584407.480239
-29.067588318000844,-27.51049422298499,-37.39108260027063,3.403501917403986,1526584407.512952
-28.12648984840639,-40.7935383721946,-24.488685271623485,0.15618737804274474,1526584407.554443
-22.937750085753937,-40.83377713409059,-26.573509497760668,-8.721066453711785,1526584407.584935
-28.610792719050334,-28.85695870339424,-35.80642799581919,0.47194551133486584,1526584407.623293
-41.579649273765405,-24.455445075126267,-19.703907620187767,18.874397032823794,1526584407.811915
-35.304821706289076,-29.335045378776165,-17.665434533521676,6.682233115386623,1526584407.844571
-36.259045002669744,-28.30375709291611,-8.788039642959653,7.848731212023495,1526584407.94731
