-2.2903226348615204,-41.93752376963818,-61.00025110166351,-34.73946944731523,1526582600.588973
-0.9797168540583239,-42.63130955439175,-60.52152571821817,-37.11005298220957,1526582600.65608
2.3235638543197212,-43.73137619677499,-61.81160307335903,-38.88470059983126,1526582600.715399
1.8666828980925136,-45.83022071366064,-60.52832029021156,-39.03475378936278,1526582600.740859
-12.271825623713632,-54.34849288970711,-32.89017591210326,-24.522546280233968,1526582601.094979
-6.004064646046661,-57.62483254617823,-31.236741280676334,-28.671050372712443,1526582601.13378
-12.81601944786589,-53.849631030071116,-30.439755170372216,-18.962742080176383,1526582601.235956
-7.568578915345265,-56.31377765711141,-28.703614383450194,-23.018462632345177,1526582601.273279
-6.793417425508919,-55.967953948192225,-31.74541193543425,-22.158413977102526,1526582601.301786
-13.543593545308921,-50.89595420862228,-33.137917120090094,-14.959529278380074,1526582601.330059
-15.366219322390616,-48.96733625017085,-34.30230226258807,-11.609438017340835,1526582601.366337
-21.143062651609135,-56.63705642760019,-12.422547231802266,-2.7572998469809136,1526582601.492583
-20.07051031708694,-52.4329371963094,-21.5302879054612,-3.3410131464816857,1526582601.539868
-24.08551803973168,-51.94438626530639,-15.468671156559953,1.3621067930453705,1526582601.567648
-23.24778431825196,-57.25489370429658,-8.290026794140836,0.2527922050355471,1526582601.591372
-22.880320607123814,-57.33913773499615,-7.868848916293008,0.19342094739675986,1526582601.629422
-22.4095087348272,-57.85504029011718,-6.572533365860062,-0.08006403715668853,1526582601.659453
-22.45213391167161,-57.39379542056456,-6.909306725934454,0.15696092143684837,1526582601.710269
-22.39200333895163,-57.364429518226046,-6.370427683469609,0.18048358115240148,1526582601.736561
-22.10730276963111,-57.39682138093991,-5.729263580877558,0.1576158670212351,1526582601.766785
-13.85032268660661,-47.370307802422104,-35.328707336039066,-8.47173004397348,1526582601.800967
-12.771660260593846,-48.66917840836132,-35.33068678035648,-9.017417866687367,1526582601.84234
-21.637581640520153,-57.39414429422428,1.0494637702421823,0.22034910526173235,1526582601.871153
-17.303730713807486,-58.05116873410276,2.2133999429832585,-4.195720276929933,1526582601.90135
-18.97595232577443,-54.04223387855054,-6.320108997664372,-1.8711619791580745,1526582601.931943
-20.570258312796188,-55.13299899641328,-1.7824528202916685,-0.2673558636540747,1526582601.964528
-16.34319990229371,-57.84796826634988,4.066402366324059,-4.330285857879431,1526582602.000306
-16.49348485848034,-56.74914425366704,4.779514622378159,-4.4682649713276135,1526582602.034145
-12.17751271827131,-50.32969356839225,-25.467101230915986,-8.963724193501577,1526582602.068977
-11.865729886758926,-47.804355321794034,-29.84636165460717,-9.1384309953296,1526582602.096316
-16.055428567753722,-56.570738439544314,5.920551498001094,-4.51221436821109,1526582602.134838
-18.44240291664124,-51.93313515806954,-2.7823764179032517,-1.878863715557543,1526582602.16846
-12.793975453014038,-55.67383794831224,4.448387003473089,-8.06135877260607,1526582602.203363
-18.056120740947925,-54.37304638131412,4.3519678041989485,-2.3635141888684075,1526582602.304715
-13.452777128037761,-55.31030160685059,5.6878004127461645,-7.353742715365712,1526582602.336271
-15.3829931926174,-45.17909312578108,-31.286828549862744,-5.087944506168128,1526582602.372621
-14.95251058038487,-54.19669312311403,9.998932146370368,-5.946357818765705,1526582602.418621
-16.761634053065993,-52.042967504609024,6.769623210107708,-4.111254197534038,1526582602.452101
-16.2983785759255,-50.204995420845016,2.537632439091281,-4.805431046059738,1526582602.488158
-17.007037859342113,-52.66622467626818,8.328558245200046,-4.239484373309267,1526582602.536399
-16.20974085961845,-50.8500693968283,2.9657800801470193,-5.414965481910855,1526582602.558149
-15.655545832860838,-54.416694574242115,11.275814001739358,-5.938386162334467,1526582602.58172
-13.796718489177097,-46.073023734409155,-19.503847370545202,-8.790602794203949,1526582602.601666
-17.110205752575116,-50.57040250822039,3.4339093721053997,-5.17214357378387,1526582602.642634
-17.754699113458642,-48.859316667030996,3.4236787056665907,-4.575517344214575,1526582602.66675
-17.50624190089101,-48.918535629932975,3.469635826636673,-5.417444748099484,1526582602.702274
-19.38353662144496,-50.14751347496953,8.174039466063974,-3.583890979547931,1526582602.740068
-18.67433669787294,-50.42264427219928,10.749569741726386,-4.800129191605407,1526582602.775225
-21.09020899124495,-48.77694865264158,12.163637654547482,-2.4421536293328074,1526582602.80634
-17.162421478931776,-42.46036047132765,-21.070003758167335,-8.153772140973416,1526582602.840992
-21.158590532954307,-47.009329130790576,8.908694218789933,-3.3622354619901955,1526582602.872632
-23.994309879416225,-44.12517627849779,5.925582704161675,-0.18466442326243282,1526582602.90847
-22.054043105719163,-43.0444657757964,4.048125980293378,-3.2952627607281215,1526582602.940185
-24.32973685764531,-41.38888553104969,5.946189031064847,-0.411645471408832,1526582602.977516
-21.988666192674575,-39.469906359912876,-19.967109183354882,-4.167805885435143,1526582603.002269
-21.808982825742778,-43.274300231855925,11.358673722596993,-4.678107350004382,1526582603.036251
-21.363138925756687,-41.92071799774142,8.036403164426398,-5.8373554335724975,1526582603.083569
-22.707963133123254,-40.51110530649832,11.090673993385737,-4.396558232100148,1526582603.107665
-23.829223993433402,-36.164936497932615,4.220211393422897,-3.931506532204196,1526582603.14053
-24.510163428372774,-38.495989926148894,4.143075497032269,-3.1990687850592394,1526582603.176921
-24.755566085753934,-38.44107766134789,4.073822992079971,-3.145805841547002,1526582603.210627
-25.548368398328748,-34.79258002630484,7.344323488210986,-1.945122703173837,1526582603.242957
-26.904459343116127,-32.0337015140401,4.966189955968605,0.0065328728235556355,1526582603.276268
-21.684602434711067,-33.67293280499324,-13.704990664186111,-9.42931265314894,1526582603.306856
-25.43136874686267,-28.830326524201794,-15.620369943011724,-2.9792029819458605,1526582603.414338
-25.444073118737283,-27.364180178676904,1.845321052657633,-3.072811609868438,1526582603.447118
-27.021084214341695,-28.846516518147524,4.021163014815972,0.35549275499283794,1526582603.482117
-23.76731134890118,-25.72786858625746,-12.630627255267317,-6.24648462214941,1526582603.531449
-26.585794945853447,-22.948288048276492,0.5058492911474421,0.6290323775035063,1526582603.59883
-26.13158715417647,-23.058961390822404,0.8690276404471915,0.560955084589807,1526582603.661712
-26.101202130983975,-19.349253050634708,0.37693532578628886,1.4531729200336372,1526582603.697818
-25.58615744351283,-22.929442948394968,3.7220196602101434,0.027662938702462725,1526582603.73572
-25.189220456314015,-22.366433440384235,4.543313441098965,-0.2906031464688965,1526582603.774973
-23.971747792588804,-18.412487607997363,-0.8542238045442468,-3.307182177208432,1526582603.806508
-25.447598589272694,-20.074314009400194,1.3922922461434872,1.0890471286511172,1526582603.836376
-24.719566266108554,-17.848741367155952,-8.87662697858806,0.11009550443407079,1526582603.864301
-24.61762112571053,-16.856142468363313,1.0827193794277445,0.38080751983142136,1526582603.893884
-23.298192899722885,-20.419286935213034,5.558158265054971,-3.159062046058807,1526582603.916461
-24.082076786297876,-16.7661770084517,3.241085056952053,-0.35530297357209406,1526582603.952829
-22.049630395530453,-20.39052169820656,-8.447558727253842,-6.547636598566783,1526582603.981189
-23.080071183610524,-13.383376611109203,-5.8742458921541685,-3.2231473523486613,1526582604.075696
-23.334298726169635,-13.068032537405294,-5.1327349893415075,-2.8835816121805635,1526582604.12045
-23.05332733484491,-11.73967043749347,1.1943390783825545,-4.407179043095169,1526582604.156408
-23.227122215445466,-11.43740536035733,1.0354074726900109,-3.485868599403176,1526582604.193118
-23.227122215445466,-11.43740536035733,1.0354074726900109,-3.485868599403176,1526582604.221498
-23.291613925409663,-11.754920887643422,0.9084123200024764,-4.384063683622287,1526582604.246947
-23.65165901709941,-6.324528741704623,-3.817472877526301,-2.72231358729249,1526582604.311666
-23.62611231052026,-10.833041179496584,2.293805996213501,-3.3475689080927964,1526582604.350523
-23.90596991996794,-6.150423429117363,-4.051887526956795,-2.605512969926423,1526582604.387521
-24.132481652401793,-3.314389216693984,-1.6883979731841654,0.5003231050064016,1526582604.422168
-23.88930183134693,-2.096430065609471,-2.216395834925409,-7.001812670143323,1526582604.453936
-24.031876061040375,-4.417448070737177,-0.9486506751801116,-3.6223610366642447,1526582604.4886
-24.22138839463523,-4.756253716716818,-1.0488434227896575,-4.492974523936027,1526582604.520518
-24.45996338610584,1.146678546355831,-2.536928872921335,-2.3614527305664694,1526582604.560439
-24.817422220244307,2.4981605508298377,-2.1879980817783578,3.4918593096589348,1526582604.621447
-24.95341862190848,1.2558981055639546,-2.968587298804235,1.4441926681630264,1526582604.65319
-25.201120489154768,-0.5766822094615263,-2.2377963286952145,-4.006608376101099,1526582604.691877
-24.813496631676838,5.917165749232915,-0.9737939335786454,3.199580516656141,1526582604.725955
-25.225286472125816,-0.8464585019494615,-3.2361389629086377,-3.733842766513277,1526582604.768092
-25.46122713143594,-0.5786106446531153,-2.511182526791555,-3.9792707892628982,1526582604.801767
-25.46122713143594,-0.5786106446531153,-2.511182526791555,-3.9792707892628982,1526582604.840686
-25.557500060889083,5.138311629263583,-1.836017405640612,-2.166499354075512,1526582604.989929
-25.795397997846162,3.828615451759775,-1.4792671988796824,-4.972946760606362,1526582605.019576
-25.795397997846162,3.828615451759775,-1.4792671988796824,-4.972946760606362,1526582605.060094
-25.55673104678384,2.4566061574309233,-4.098292472960795,-4.288007801193544,1526582605.089935
-25.440841264814388,1.9096364356043212,-2.1074435147638275,-1.658059032660958,1526582605.121984
-25.53238459854437,3.7516832679257184,-1.5048755857596348,-5.053630397714073,1526582605.15874
-25.30492195145877,-0.5982545982302538,-3.5873678392116437,-8.970472362699354,1526582605.224987
-25.274983416524535,2.044887942509468,-4.796590078563588,-4.056958691997039,1526582605.256631
-25.21708581013867,1.5913823744749516,-3.8952374412386903,-2.586565998308032,1526582605.317965
-25.019610664047427,3.7356304350224505,-5.049989369215227,1.0173743068403382,1526582605.353318
-25.32871423801598,1.8886719540688781,-3.525669914331595,-7.170613283464206,1526582605.396229
-25.52978503981752,5.192264658610516,-4.296624828887847,-6.905990463610124,1526582605.433336
-25.267139311812556,-1.140554896228138,-3.411940057258837,-3.3599062909204918,1526582605.468433
-25.30768746650032,-0.9809976212393665,-2.910478504666014,-3.283405290979431,1526582605.527048
-25.256611978928337,1.8693579208040858,-2.834950909096933,0.7311419543565876,1526582605.558958
-25.097826754804657,-1.6759620631947387,-3.2243377112324274,-3.005541471439386,1526582605.595687
-24.87512086729439,3.997996165592466,-3.4716021510273456,1.2631229330608278,1526582605.62776
-25.108131736576276,-0.8118071920434918,-2.1187787974386545,-3.2270327033374713,1526582605.664454
-25.128088255783137,-0.7303133655905288,-1.868358821406213,-3.1881522588889197,1526582605.696112
-24.99634460407438,2.292165002667088,-2.352018214759367,-3.431746630157221,1526582605.794161
-24.94738480547211,-0.4737120505821527,-0.8273334703954214,-3.0918142186128534,1526582605.830217
-24.72809221444499,2.659872530519881,-1.974882203790653,-2.532545733647794,1526582605.862325
-25.023818846229037,-0.020449030756495123,-0.7074736759992257,-8.379143062837699,1526582605.894454
-24.72705620907471,-0.15427395979567865,-0.39386120285044934,-3.000876773967775,1526582605.928931
-24.734750714605383,-0.31519043496843746,-0.3444260947077977,-3.160429645421601,1526582605.962154
-24.675980630772337,-2.1102831221424334,0.19736733946142282,-5.973506809544034,1526582605.998755
-24.583704016868182,-1.396247806024666,1.3053212540041097,-6.327893814374875,1526582606.028994
-24.49279096934197,3.3527260420020086,0.10739279775842903,-3.5966497452709234,1526582606.062247
-24.377192170719038,-0.36979433198043166,1.7060939899463952,-2.992447763258582,1526582606.094638
-23.891490231216668,4.999483657929407,0.920400616269961,1.4555235669102728,1526582606.12617
-24.171749603659446,0.11858285573902472,2.195281366418138,0.2380320122775288,1526582606.164719
-24.346621233558153,6.405075290922656,2.535526403090817,-6.051073967141662,1526582606.200216
-23.90309616174565,-0.9389367580606582,2.9391604168765513,-3.3144603426624712,1526582606.23196
-23.912183076998634,-1.015412648687803,3.1918541705332926,-3.346013653399666,1526582606.258599
-24.15797395289607,-1.7036981888220613,2.283673978819167,-3.6391635000740905,1526582606.297134
-23.832575527862076,4.613467257716387,3.125092815595874,0.16924227612136633,1526582606.334596
-23.397819421909734,5.729760022553343,3.9429071792282677,1.4970348658430623,1526582606.36531
-23.796410517506793,4.486965691957476,3.0309896232674443,-2.4483189565415557,1526582606.397941
-24.283233442134012,-0.6034905448942607,4.201406986530802,-5.6435227071972065,1526582606.503882
-24.284403944034,0.06500707555106278,5.0138416958074945,-6.002552875832805,1526582606.553473
-24.609454265949296,1.4495702385447076,4.152330246059505,-7.835456062505841,1526582606.582196
-24.731194103786557,6.082961498058433,4.658040894767419,-5.780155495523701,1526582606.614086
-24.629075418203115,1.538716899566233,4.402342209592968,-7.79644556664951,1526582606.636558
-24.594377617003335,-0.3322311624872345,4.6373281592353335,-5.512746648137778,1526582606.675025
-24.314376585270438,5.410048617897247,3.5626205458643265,2.308396340508864,1526582606.701733
-24.692614528239616,4.818520547240407,4.081688274171491,-2.984290111275641,1526582606.734986
-24.70321301338913,2.8394722904575453,4.489289830866074,1.3591882900934706,1526582606.765759
-24.565313674232858,5.510598410868254,3.5226548176360413,2.381408158631274,1526582606.808979
-25.2759797309091,6.13021391937765,4.5996905287726495,-5.816640557235559,1526582606.852015
-24.816816426192002,-1.6969711634966806,4.392273393583009,-3.6378339097759067,1526582606.865607
-24.620186200208483,5.094888553570743,3.91366069120023,-2.0937196776586973,1526582606.896762
-24.23092290527587,6.072871948136757,4.449800566103621,2.1447578484935548,1526582606.935403
-24.6244206507091,2.1604145645153063,5.572178382365757,-7.9677556582699935,1526582606.964642
-24.256351234115908,0.9199166698417538,6.885558579575004,-6.260084002896804,1526582607.003758
-24.256351234115908,0.9199166698417538,6.885558579575004,-6.260084002896804,1526582607.041744
-24.48674999008407,-0.7488033786030175,7.632218894439466,-2.6596496432711945,1526582607.073552
-24.422005405466813,-1.6294544709292433,7.051477121580735,-3.2984912646569455,1526582607.107181
-24.89628821465955,0.7457946616707567,6.9405441108156145,-6.064519999493655,1526582607.138125
-25.44069578422779,1.7785211696593595,5.89185325341363,-2.4340870680228477,1526582607.169321
-25.35317594296454,3.456495790524203,5.992701956505109,3.025366562852952,1526582607.207337
-25.517302042702344,-0.6874691108940829,7.011222210041846,-2.4281214527215127,1526582607.245052
-25.67858344805797,-3.2947193128704164,5.561648110239126,-6.4411939185687,1526582607.277166
-25.614465326196747,6.256788567386955,4.445807298576812,1.1216746761885474,1526582607.310071
-26.08521669553878,-1.0364800840133357,5.834975051914149,-3.027606439144847,1526582607.402071
-24.990342846843593,5.821233138606485,6.254803178950301,8.455665560330004,1526582607.510729
-25.192597386485577,-0.9794925123170798,6.810101628188695,-5.9916634771862505,1526582607.567423
-24.944982463467905,-1.309037112901176,6.5896789782688465,-3.077587591682402,1526582607.60722
-24.223785711371416,-5.994835904987109,5.193764682065614,-10.367789384006556,1526582607.682801
-24.21647260739342,-1.0551123251395622,7.19316362569505,-2.788493001319779,1526582607.74206
-24.272562999174696,-0.3142153424383629,7.1657007264078265,0.34694254543819625,1526582607.779001
-23.713704164902687,-7.220736820531956,4.594610770956782,-6.434851811529796,1526582607.808057
-24.028893798606845,-5.662967480292843,5.1737819521565225,-3.9516583076269,1526582607.85989
-24.127366127353646,-1.0090611618343703,7.1942259142803575,1.6731749297736371,1526582607.901373
-23.730987196059342,-4.259425908258224,8.92575639374974,-3.3633729845336973,1526582607.936329
-23.620560082396484,-1.1396365093901206,6.806529931314206,-5.870087168458753,1526582607.975255
-23.87400239687661,-1.108068120402133,7.21798346321249,1.5953359348932281,1526582608.008881
-23.385449220434886,3.140423341738397,6.975229567494524,-1.837327853403508,1526582608.041859
-22.917889422868505,-10.721776821517647,4.242129646186877,-6.745495716862138,1526582608.075216
-22.917889422868505,-10.721776821517647,4.242129646186877,-6.745495716862138,1526582608.098178
-23.28962867743804,-1.9864591079611942,8.227436397789006,-3.8571518451651627,1526582608.119948
-22.917889422868505,-10.721776821517647,4.242129646186877,-6.745495716862138,1526582608.148679
-22.917889422868505,-10.721776821517647,4.242129646186877,-6.745495716862138,1526582608.179113
-23.28962867743804,-1.9864591079611942,8.227436397789006,-3.8571518451651627,1526582608.216808
-23.620467188492984,-1.2065290911441457,7.2417067635426235,1.5173713018091632,1526582608.282758
-23.232256941222712,-8.820980608281875,4.710856764087314,-3.6068158482111983,1526582608.317982
-22.396837896689902,-10.759411075122838,3.936518248390022,-6.865395592997572,1526582608.35463
-22.718354003211406,-9.365603806427409,3.540332101913727,-3.482455907216746,1526582608.389627
-22.1858066262826,-1.4374636299687258,7.458641773057464,-5.765132114787917,1526582608.422711
-21.173880922551103,-12.272392613143271,2.9347101893185386,-8.809883083506378,1526582608.457449
-21.616178332847202,-9.84117324011159,4.009012239833027,-3.4160897153832934,1526582608.486979
-21.318702141846813,-1.2197822726294216,8.153201735359795,-0.8687231878281239,1526582608.517466
-20.77585308840298,0.6547322598573584,7.406876641108644,-4.258972373684401,1526582608.546568
-20.65206060989592,-2.8036633412407994,6.819605042569181,-4.022789223462581,1526582608.575198
-20.513833807472988,0.5820814334998952,7.4197347156083815,-4.331443351806172,1526582608.616296
-20.39047449835721,-2.880977597190385,6.788450793088764,-4.097230574638189,1526582608.648791
-20.309097514442804,-10.200739939087182,3.8085334801331086,-3.7989335003638303,1526582608.691636
-19.989526358683154,0.43839125880284713,7.445106727337506,-4.476821502904556,1526582608.719839
-19.72439238577728,-3.5126634410332507,7.467568467877307,-4.005327500921993,1526582608.764459
-19.856078364216405,-3.104361323325488,6.98054293274054,-4.278083369335889,1526582608.824548
-19.491707582925596,-1.938607015515874,9.323353323050949,-4.492049924058904,1526582608.855556
-19.33930816031696,-4.710648649826871,6.978316842546898,-7.910990197825811,1526582608.890494
-19.33930816031696,-4.710648649826871,6.978316842546898,-7.910990197825811,1526582608.930604
-19.33930816031696,-4.710648649826871,6.978316842546898,-7.910990197825811,1526582608.960468
-19.58371777055897,1.4859127960495053,7.376238732217846,-9.517285732454184,1526582608.989283
-19.516274299400997,-0.4650896402191833,7.897171807436231,-3.910894946436258,1526582609.031013
-19.605126746673474,-3.108765428370147,6.695640700662056,-4.32012810891095,1526582609.0625
-19.474034555829903,-5.405087201414205,6.1180119625795495,-7.413608761879232,1526582609.08942
-19.481209932551444,4.636989996194222,6.118110204064678,0.25379314277711273,1526582609.122387
-19.537858858296726,-0.26597696697052364,7.40049044689646,-3.719490515342841,1526582609.177346
-19.537858858296726,-0.26597696697052364,7.40049044689646,-3.719490515342841,1526582609.203496
-19.452001339291545,3.7402548852718778,6.476743847596247,-5.275583791127531,1526582609.239158
-19.23825341949235,4.47217354279915,5.875271081662278,0.14212887416366016,1526582609.273517
-19.36292139245619,-3.697090214475401,5.93348787144453,-3.992133477905952,1526582609.314276
-19.36493692526314,-3.040649431931832,6.1569458281954805,-4.3304342757636505,1526582609.342809
-19.36493692526314,-3.040649431931832,6.1569458281954805,-4.3304342757636505,1526582609.377239
-19.29039414303888,-0.357071500751035,7.0879562162825405,-3.837727150282376,1526582609.415959
-18.98296332224887,4.378893822103374,5.886164463082272,0.06156307777300185,1526582609.454254
-18.852791855939458,4.739947585764532,5.815836624091669,2.005469995079835,1526582609.480481
-18.988025299506003,-6.022863684208058,4.653284964175908,-9.614112046061734,1526582609.501063
-19.498627435876813,2.0177696203848408,7.6954708555887485,-9.899888450819333,1526582609.527197
-18.994913515097643,4.308605925343438,5.632123073638722,0.030654193383867323,1526582609.561923
-18.994913515097643,4.308605925343438,5.632123073638722,0.030654193383867323,1526582609.591923
-18.994913515097643,4.308605925343438,5.632123073638722,0.030654193383867323,1526582609.625718
-19.301151752433974,-0.25512070956393695,6.840514668596654,-3.7463672347088277,1526582609.676006
-19.375740871582828,-2.9685561509382294,5.903121319129695,-4.298258897706091,1526582609.695452
-19.301151752433974,-0.25512070956393695,6.840514668596654,-3.7463672347088277,1526582609.723196
-19.301151752433974,-0.25512070956393695,6.840514668596654,-3.7463672347088277,1526582609.758045
-19.301151752433974,-0.25512070956393695,6.840514668596654,-3.7463672347088277,1526582609.791332
-19.57130403393536,5.738180135392646,6.835976163437383,-5.398301141967522,1526582609.821925
-19.250260148991835,4.401919717458685,5.621248736773153,0.11092353733050686,1526582609.857251
-19.250260148991835,4.401919717458685,5.621248736773153,0.11092353733050686,1526582609.88845
-19.447800407348044,8.96858163199923,6.3995804178275835,-5.583885127755565,1526582609.931139
-19.295308464163746,-0.032837342039193196,7.351833857925438,-4.6245365315311915,1526582609.961924
-19.373588530968853,-3.600400152383534,5.6879402449520375,-3.9664720267970495,1526582609.99396
-19.467662105803,3.6479223756695713,6.229031108573141,-5.30170573980476,1526582610.036134
-19.54842905975597,-0.16495054199315606,7.1527083740517154,-3.6273597365359365,1526582610.067903
-19.54842905975597,-0.16495054199315606,7.1527083740517154,-3.6273597365359365,1526582610.097038
-19.626860136522293,-2.9658575011036135,6.187733281336706,-4.255749136272442,1526582610.125071
-19.736267878431207,9.020504209042196,6.631326598520623,-5.757898726533881,1526582610.162421
-19.736267878431207,9.020504209042196,6.631326598520623,-5.757898726533881,1526582610.195236
-19.493376124865268,4.566139847791395,5.864301955660293,0.22262612910830626,1526582610.225923
-19.699506151845874,1.2563205444377128,6.9888404266170125,-1.7814038848962355,1526582610.256851
-19.7953823874321,-0.07408498224355409,7.464726611508019,-3.5104591138377828,1526582610.293914
-19.736726718113633,0.27336169771192687,7.21011209382843,-4.577499032326273,1526582610.328461
-19.689731288447962,1.1130372760831573,7.19318815411475,-9.412363528380638,1526582610.360532
-19.65544950001837,1.5642481246116522,7.7190717337377235,-1.7134294801256544,1526582610.397248
-19.36823630720991,-8.505309208747281,5.269196830342855,-7.338954797578168,1526582610.425762
-19.32338436691476,-4.7947269470428235,7.227932955692756,-7.938612329808791,1526582610.459609
-19.407243548375032,9.64528437430464,8.200726659371403,-4.123504286776068,1526582610.506176
-19.63079240441103,-7.905524270244674,6.114570701132004,-4.079176065471927,1526582610.527114
-19.68845659557511,0.7487688852237218,8.44583916330739,-4.439941436383748,1526582610.561616
-19.55774615917816,-4.882085355511638,7.772409671221748,-7.94578462375415,1526582610.595907
-19.98285928942374,-1.1293924612817414,9.483496515630184,-1.1360931212321361,1526582610.635348
-19.319398616546408,-8.852492665639646,6.2624242835843,-7.437841807085363,1526582610.669931
-19.614618075765232,-1.4166227089473238,9.771910377520925,-4.366274247887048,1526582610.698425
-19.237465131003876,-2.952226746127995,10.081526473681167,-7.283136231749495,1526582610.764897
-18.74327801095417,-2.9846431664815682,10.942262917707044,-7.7637423902564535,1526582610.798823
-18.735945758930974,-2.871816408895402,11.182226032317839,-7.743274420419112,1526582610.825248
-19.18380698087757,-1.3814178059250661,10.232278912518872,-9.758876020324635,1526582610.867678
-19.18191098589968,-1.2907055728967176,10.4822322269603,-9.729188217264976,1526582610.899489
-19.32241119007106,-1.9647454062375367,11.214824105217684,-4.598787410864702,1526582610.929475
-19.0467218370337,-10.97267337270484,8.173770118418503,-4.867104948678616,1526582610.961891
-19.48110912545142,-6.538776254481093,9.885453781842404,-0.4570408998533253,1526582610.991919
-19.672789034000253,-10.577589888514755,7.919686574258008,-1.3778635671955328,1526582611.029896
-19.45063687880842,-6.625186833080018,10.405742037722808,-0.5303836413689567,1526582611.066562
-18.989468663330367,-11.219823501651598,9.192766059636632,-4.981179645694851,1526582611.105787
-19.284086343874346,-5.079360752336569,13.66787239515319,-6.484599949914042,1526582611.135229
-18.45879863915344,-7.478585334283167,14.042536442805263,-9.423686797542786,1526582611.178139
-18.460250714579995,-7.384258399362331,14.291778342753737,-9.393812608618532,1526582611.202255
-18.641147069966557,-10.099137087421509,12.253873335324329,-7.067885078595054,1526582611.233917
-19.823372247418288,-9.578367246248549,11.151716314741968,-0.14131078449617007,1526582611.265898
-18.783434843770728,-7.686392332037562,16.50653949025583,-4.724495593480981,1526582611.301741
-18.157835182936406,-10.148929722600306,16.366539019812436,-8.637339384297434,1526582611.329875
-19.417707053996285,-11.562359356619318,19.215736601833328,-3.585914936734156,1526582611.368416
-19.20106044267115,-17.94011581919149,9.148117075495405,-5.405967101442684,1526582611.402508
-18.28820719662605,-9.88604673791852,16.336150494183173,-8.334693178004898,1526582611.436471
-18.133966267018955,-18.37916565166,10.044981678052753,-5.4559817537675315,1526582611.468662
-17.62875286218793,-11.48809818315415,20.815973042283154,-4.430916684071093,1526582611.498975
-17.944138638729044,-11.790359765917065,20.801389093690254,-1.8282462561743387,1526582611.540851
-16.090328801196126,-16.16346461394329,22.161531894328704,-8.084981548906967,1526582611.583226
-18.655062119278316,-20.703700522694245,12.302493324103077,-1.7908271098798139,1526582611.662811
-17.277703316493135,-24.945478587048328,10.527324942268777,-5.8452423930100395,1526582611.706627
-16.05550015103598,-15.55064609586595,23.355288086031152,-8.008636008056357,1526582611.737871
-18.333333963222657,-20.8841606524861,13.04208058429867,-1.953790233714841,1526582611.770445
-15.264682377661677,-15.549320638874121,21.837866238311772,-9.0145020691171,1526582611.80594
-15.25584075195616,-15.444142589307244,22.085899704654764,-8.993072279526586,1526582611.847427
-16.689315879436045,-25.249942815784436,11.474013366782291,-6.057902901442333,1526582611.874282
-15.794585508631021,-15.033154436038037,21.851691604327296,-8.625093319472626,1526582611.909916
-17.838918563073033,-28.200862735599255,9.444940439231356,-2.941518472806706,1526582611.945856
-16.046945912723952,-25.709377101011505,12.274288189354616,-5.99445529028506,1526582611.98088
-17.8201353599957,-28.258335842775764,9.69797644175172,-2.9621362473731665,1526582612.011446
-17.8201353599957,-28.258335842775764,9.69797644175172,-2.9621362473731665,1526582612.045104
-19.555217146190376,-20.276906161496314,15.650988291846605,3.9853082509494584,1526582612.07964
-15.778859949493727,-17.56323694342922,25.58486257892674,-7.470704806756771,1526582612.113958
-18.74177857246625,-31.042850956306822,8.095687384316415,-0.6582594610002275,1526582612.15013
-18.58692654191475,-24.71555758461339,12.644588177630906,0.33665081742191205,1526582612.194015
-14.699070549029278,-17.9163161185996,23.853423670589493,-9.505510271570444,1526582612.220989
-14.695892351594948,-17.80941744862878,24.102585758108997,-9.484414447753778,1526582612.272226
-18.24652716229663,-24.965964239965096,13.633398027408951,0.173989038130145,1526582612.304635
-17.24503685635063,-24.138886855356233,16.11739908412709,-1.8586035176085716,1526582612.33509
-14.41194317705515,-17.29693363278967,25.353217132765927,-9.460020973180008,1526582612.357549
-18.139395078535042,-25.16342772393035,14.92137884608547,0.06361934845156725,1526582612.375908
-17.116557048863427,-24.254255932154184,17.400694430046244,-1.9916582503620361,1526582612.410925
-14.390346940578274,-16.740645070932203,26.5929284041235,-9.366640762626417,1526582612.45388
-18.032743528913468,-25.350217498216487,16.209797535111132,-0.04157871115398848,1526582612.477536
-14.375741035186994,-16.400623797232278,27.33463756022728,-9.313976522305609,1526582612.515019
-18.46946481618563,-20.54746596831144,20.576313357671957,3.2875496979728496,1526582612.538943
-17.947826370421176,-25.491972827475493,17.240999168903585,-0.12200035961797084,1526582612.577419
-14.35437439986652,-15.940162566474108,28.320882666256225,-9.247730900239645,1526582612.608772
-15.139331460009032,-14.571552397972953,31.00181369617708,-7.358029977776283,1526582612.651144
-17.567960769141457,-25.773922075088834,18.74832232366717,-0.3031941905051099,1526582612.743007
-17.54698374148611,-25.80564001313228,19.006481006970155,-0.32144111475074055,1526582612.77354
-17.526029084487213,-25.836926377615445,19.264685847583365,-0.33949507843774995,1526582612.815391
-14.358729511095,-10.383279923322355,32.734440921463666,-8.016421883297,1526582613.01228
-17.379913972177086,-26.043777702439037,21.07353288427801,-0.4606842327167442,1526582613.04165
-14.326154375995367,-9.94864405205966,33.41635955284796,-7.998196793259126,1526582613.089562
-15.919513935322279,-27.44897455792427,20.897418138811613,-3.421251324036689,1526582613.111746
-17.27602066003667,-26.178393029035167,22.367239683504373,-0.5421075787737948,1526582613.148209
-14.270704534382878,-9.21522025657005,34.546928542284746,-7.9706978223317435,1526582613.18189
-14.961732842636579,-14.900827083745263,27.21347440225905,-0.2796980809045806,1526582613.214555
-14.236814587794424,-8.769752919664072,35.22165866598509,-7.955734735210768,1526582613.257369
-16.310700373877566,-24.16044215120945,25.543704396309096,-0.34979730680944954,1526582613.373346
-16.493873012224462,-28.68170477605853,22.534786636583334,-1.5526614030365238,1526582613.405336
-13.831794825403609,-26.123828860920113,26.750913479443632,-4.13568266210271,1526582613.612348
-12.004594062678178,-6.586730792082587,37.91898855405656,-11.977424992097838,1526582613.678322
-11.044617792880112,-6.986181216110957,37.700915780304115,-16.26541974451436,1526582613.712926
-12.01771075586538,-4.910046875291044,38.680576903191124,-13.551897222460099,1526582613.752803
-12.39732177773342,-3.199054831307512,38.639890687301275,-8.406018780168864,1526582613.813376
-12.38067504338064,-3.039185057898491,38.856326051528015,-8.405047012609856,1526582613.847766
-14.681425616927672,-14.563757834433915,34.125307647274326,2.0184403301470013,1526582613.951041
-13.808435217721527,-21.88900189289988,31.4909552251637,-1.1114864472476143,1526582613.984107
-12.31296175739848,-22.260786718111824,31.982373622133647,-7.4343242121454125,1526582614.082749
-13.439634556877094,-22.017498082639747,32.49036719410565,-1.2321580108844046,1526582614.199526
-13.409917577635253,-22.029661546221146,32.75145926237895,-1.2477455446166061,1526582614.217311
-10.950072575495465,-1.6206668469647951,40.48866440190145,-12.930476799796281,1526582614.286372
-10.236274830514159,-1.5399575846138358,40.564719738747584,-16.512971621703514,1526582614.321264
-10.230460446528356,-1.3824211096117942,40.7854260767276,-16.51111145538769,1526582614.358081
-11.792678277123809,1.1429181660083465,40.525347675337315,-9.180462426445217,1526582614.417947
-12.08229500988612,-22.373170981199493,34.84364321097626,-7.55155786644201,1526582614.458387
-13.388358738508384,-22.047040583072327,35.14532455414303,-1.337197881044716,1526582614.497662
-15.789099958480659,-23.501933343062664,34.23464663767562,3.8155763434911307,1526582614.535478
-11.820849633036119,-9.411030101520382,40.011557855805094,-1.0606912012501652,1526582614.554636
-14.087261439705568,-14.101527713130452,39.101444921411925,1.6116411294583486,1526582614.589936
-12.344079227407878,0.7986365433819742,42.800638377817634,-15.514149270416283,1526582614.669485
-14.776484021389885,-21.3946146993151,37.155909558481696,-1.3593007538495385,1526582614.731283
-11.001002470509208,-2.79728873165325,43.92782037368028,-19.99708635795338,1526582614.794167
-10.567835222435598,-3.517991928383983,44.20936041679791,6.851165608560791,1526582614.864475
-10.639614612702115,3.237537248192467,46.625072394815994,-16.142748034386273,1526582615.088313
-11.622704428737443,5.484926870443859,46.26626424874287,-8.818431787284965,1526582615.156997
-11.57249681903273,7.186953118297531,46.354102256668085,-16.32536504287171,1526582615.221747
-10.787187364810574,9.159585031141138,47.033390744421354,-11.7030321355534,1526582615.265763
-11.857199526920237,-26.022186339777743,40.309648204000474,-2.6430904424176447,1526582615.323504
-10.967423741415665,-11.520504106381406,46.532590615614765,-0.15108302322101963,1526582615.430855
-7.800305168894627,-9.954586684579251,47.74164252765831,10.953266439494058,1526582615.466868
-11.439040662235389,-16.719097825384168,45.32293307714359,5.206379451489312,1526582615.499177
-7.515514064655429,-10.089299850992909,47.94055350056936,10.861900499083276,1526582615.53395
-7.394906992833197,4.809717939586083,48.814607066931245,-21.326581133042254,1526582615.729281
-7.1318938031918595,4.824657644137087,48.796180989801805,-21.424813542964642,1526582615.764939
-7.449229233988314,5.327951638438375,48.74289162777187,-17.186226004197465,1526582615.8012
-6.805729590386417,8.002613177643923,47.99051780935647,-18.22302244668103,1526582615.837102
-7.340371192676188,4.660338025892383,48.019547719312456,-20.91872237999044,1526582615.865732
-6.767904470039801,8.261379374564429,47.860866651878304,-14.133900980773177,1526582615.903238
-6.519636221747241,8.04276630981063,47.64804387570713,-14.249088613780515,1526582615.944768
-6.271203111873669,7.82738403251161,47.43403217810976,-14.362738731087944,1526582615.971931
-6.137964697479705,4.536570327940932,47.85255754440366,-17.753233818042617,1526582616.00618
-5.255528727526098,3.9751554193082477,47.62953597707276,-22.16898641235872,1526582616.034963
-5.17901576941482,-0.036997768816888765,47.64531967887639,-25.911323188119013,1526582616.07274
-7.783457260903719,-15.190391901146908,43.86482800699032,4.342685904038177,1526582616.198031
-6.339320172973952,-16.342523635049922,43.652147388496154,7.977507893435785,1526582616.264794
-1.510831136441165,3.2442160705843186,46.26689085896007,-23.138475974430094,1526582616.334599
-5.225846749456223,-20.028078884832045,42.33553913543473,7.889875487869205,1526582616.398861
-3.393292227319799,-17.963040091881624,42.82353600459172,7.653231254312345,1526582616.434842
1.2603252646608567,-8.72196570842046,45.19672473137904,11.238147598805,1526582616.470005
-4.102909842635394,-20.000120392266126,41.61637647300003,8.012131269521547,1526582616.513904
2.0393308804910237,-4.633841095519188,45.93633253142557,11.427629854847424,1526582616.552497
-5.532320814252667,-20.29611474801497,41.825527447521026,10.590565594475095,1526582616.588886
-5.49287005805488,-23.140560288419195,40.22322140158511,5.006660680357811,1526582616.625935
-5.304490531635826,-20.415379175573975,41.76310257415011,10.529494890175158,1526582616.675948
-4.189642787292263,-21.806216564347096,41.338654697112666,10.289295969820216,1526582616.773204
-4.189642787292263,-21.806216564347096,41.338654697112666,10.289295969820216,1526582616.812625
-4.317115165785834,-23.529634577669203,40.14630869449634,7.9118244934676625,1526582616.84157
-0.38408707515768015,-14.38731106556409,43.15507020195252,12.081710251692016,1526582616.938452
-4.614355350239448,-19.289186098389735,42.235251629556046,10.675117306173632,1526582616.975683
-1.673837278734693,-19.78541486224761,41.600071996422976,7.3102212537336015,1526582617.023251
-4.500112519553853,-23.727306665984763,39.77025757900697,10.660466979583987,1526582617.045907
-4.9813139083849,-20.68127698047558,41.11464602610407,10.458371909451472,1526582617.068536
2.8406380302056924,-16.161716432048898,42.06790195387705,12.559079816704553,1526582617.272851
-1.315921724712867,-20.534465102349138,40.986656875252315,10.265133947555626,1526582617.383308
2.5322974712062685,-15.115056612109642,42.32882032492513,16.029020057223164,1526582617.411608
-2.4927144943552264,-22.301616735979387,40.36921343586985,15.589908409935987,1526582617.445511
4.991133471399275,-12.28257111189308,42.780355448651434,13.559489971259751,1526582617.539204
-3.3311613698311344,-23.240677980965952,39.78366756548436,18.01321423907268,1526582617.583242
-2.580552409160953,-22.303215228572896,40.11277621998448,15.617520628670633,1526582617.607968
4.569562845193758,-13.610226996666967,42.13027414391876,16.254999348756684,1526582617.63987
0.6582520108333156,-22.074794134978767,39.10566730339595,10.439424070439145,1526582617.746805
-0.6483924086612785,-25.095166848129935,36.96074155152286,15.493850620788209,1526582617.87486
5.70354140874929,-16.301120775224387,37.70837261659855,11.789439733463837,1526582617.989875
-2.245013815827317,-21.993824787628817,35.42938321093633,15.898052786597077,1526582618.080043
3.541318008457683,-13.319778702790266,35.90091452271659,16.84179570225956,1526582618.17787
-2.6650698557578387,-23.41147892373784,32.36334240495588,13.925328616136511,1526582618.212304
1.520471043517066,-16.39728455031018,33.696046353671576,14.43884773187753,1526582618.248681
-3.339584400568212,-23.158371299898004,31.214797873656533,14.128515450442137,1526582618.283482
0.9021355113090888,-15.540092079719795,32.958466036045465,14.423895653736423,1526582618.317988
-5.471762492770372,-24.434154593277675,29.525032067518133,14.046543021615236,1526582618.347705
-3.291473854297026,-21.319886076090093,30.54834549256451,11.163404108524844,1526582618.381569
-1.1067989931128484,-18.989650025721385,29.938924206120465,12.061162521129262,1526582618.409863
-2.3386468503320765,-16.07440918169143,27.613905340163377,-10.419243893369838,1526582619.016546
1.4485325304501249,-28.334132149034993,11.71848356452833,-9.750379041618118,1526582619.222619
3.220796048012483,-28.283946171819437,11.282774164851933,-10.141866970128405,1526582619.285186
4.88088679518259,-17.551121766704775,21.811947697935203,-12.993602792352391,1526582619.325696
5.976294641233288,-17.505051022053117,21.712982806079143,-13.405561509739726,1526582619.362249
6.637029917022803,-23.421174745141258,15.041494063529852,-12.656378585644433,1526582619.391487
11.02163292612257,-16.034712656326406,23.304253474992613,-10.521316062884637,1526582619.558921
12.121226270923465,-15.886802809531865,23.40838140928168,-10.878644804047013,1526582619.598157
15.332408746265916,-18.762661436131356,18.02569648755601,-12.613999077411705,1526582619.691154
18.85912155193068,-20.47801094530348,14.708938730766397,-19.700646711756093,1526582619.725604
21.926086512991926,-9.108716962278354,20.684740110986677,-25.15976014282947,1526582619.830116
22.52172276582131,-7.461101393496289,21.638026072129225,-24.522048190720227,1526582619.861677
23.048658613295164,-19.018107311908985,17.788368731927463,-21.095830939848952,1526582619.892587
25.27580415679931,-12.053764791331739,21.44872157257211,-21.94536627621187,1526582619.995049
25.478392592611996,-10.209572382146828,23.182530285662533,-20.269031406236792,1526582620.027812
26.762680720867305,-10.87574453132124,22.838335588085755,-22.259137509820164,1526582620.065896
26.268048619749685,2.0985468511543375,26.21131059541344,-18.677153184290603,1526582620.100148
27.16523902001348,3.4352318821515766,26.631032792596564,-12.919544238398828,1526582620.134282
27.71229963042567,3.452121002172783,27.355100848636567,-15.057264898298882,1526582620.164212
27.77892099787196,7.421793386728616,29.00628808237313,-29.01932012980663,1526582620.225921
30.95708560906736,-2.1144115720066443,32.95090507948799,-0.6642355541088136,1526582620.429964
32.978195793639465,6.1666696743732015,36.39095739954591,-0.25752046476489454,1526582620.596712
33.229286249768016,20.529476338713117,35.41866337392,-8.68948529581283,1526582620.632256
22.366694941468676,32.52917941463419,37.08809780609471,-32.426870488802734,1526582620.76279
22.115915681433897,32.49876988774601,37.33125400942213,-32.31090184898298,1526582620.804221
19.25748074857472,36.125971228040456,38.76101149711764,-32.411850421638206,1526582620.870346
18.78237924926348,41.10264728831254,35.86048207065548,-28.722673661727526,1526582620.965825
10.667722968059099,42.991298081424404,35.12677922802075,-38.00439791095238,1526582621.032211
30.51360935317936,19.11749960383668,47.3774035068291,0.3030896572799975,1526582621.105883
25.566437800660925,9.086133433072462,50.03936058422484,-0.6112020730074335,1526582621.199564
6.351276599449349,48.28093092131569,33.33346352284747,-31.006353034302293,1526582621.304699
3.1267103072495015,52.04456346899134,32.91754420709987,-30.52732056765373,1526582621.338535
-6.341464471539915,46.90232437235363,35.769826783091936,-37.79177829189672,1526582621.469684
-5.658365441791018,53.187080517601046,29.964929600190086,-32.687876365876434,1526582621.533071
-6.64553047004163,52.922403881729444,30.162644164595427,-32.29031735454629,1526582621.568996
-7.272168687637167,50.32670402434674,33.965730374014335,-32.359653549061306,1526582621.608721
-7.947993687101015,49.90850876303591,29.509693467510836,-31.602891881275866,1526582621.664663
-11.74610564112577,46.942955785664346,32.67760908865838,-33.907376315999784,1526582621.706268
-14.227968938980869,46.353822436860966,33.44250038472771,-33.28091818551502,1526582621.770564
-15.440995550377565,40.953049525310774,35.09126346465098,-35.721547554460386,1526582621.805796
-13.748269254952035,42.60753269789794,35.36744028448034,-32.6640731077332,1526582621.838634
-14.31305288471669,45.68705814417673,30.92223878293017,-28.427654931391885,1526582621.884709
-17.304317057245658,41.055386935531274,36.08599208104217,-30.679006469286605,1526582621.925181
-17.487926531032077,38.031390491698076,35.91176801664768,-29.876579355514338,1526582622.003768
-20.886156956398246,28.1230476573165,42.48815520040614,-29.96434073199751,1526582622.141937
-20.727404784908018,29.313770527922586,41.401646239506796,-26.112096442555924,1526582622.179827
-23.315745776176506,26.561169729265103,42.87896520391368,-27.571552014380444,1526582622.213708
-22.720625645740107,26.29975750506239,43.54887044307373,-23.93555518670439,1526582622.246225
-22.274266875487896,24.49868197778352,45.60467226143771,-23.831482799812363,1526582622.276187
-21.61155126998994,22.711675147324534,47.518457835538946,-23.563674486277705,1526582622.308506
-23.811904327006268,16.581571241418686,50.041822906205205,-24.190353288433386,1526582622.344201
