-7.265308951537914,-51.181982886713875,-22.604553492377377,-8.369872590447642,1526584204.946919
-7.483382925125234,-51.055512167187956,-19.579290374401637,-6.704100486132887,1526584204.982802
-7.9040428465989745,-50.4841355774481,-20.168126064688302,-5.610095970814683,1526584205.015642
-7.747038797481176,-49.58022680533287,-18.05318653044846,-4.880307203161038,1526584205.057973
-7.601283638402,-48.86055519587911,-15.97391923381027,-4.135737941714439,1526584205.083527
-6.981762134984926,-42.56182701165392,-1.6521411612566315,-6.73516292026963,1526584205.618008
-7.296153451006062,-41.83322189439586,-0.22402425607558918,-7.1962975234951045,1526584205.654421
-6.349957930805271,-43.48398026396163,-2.120162236742969,-9.253227117405515,1526584205.750595
-7.759514120512654,-40.661797049438825,3.6249595423298615,-7.799771170203371,1526584205.784996
-8.042545225294331,-40.55415759604479,3.1924032847973383,-7.7036991443690965,1526584205.819641
-7.8256261516143875,-39.664396573046126,8.23117256229196,-8.660891210528092,1526584205.859375
-6.580807393233206,-42.745801836016376,-1.408631395695794,-10.167568907695966,1526584205.917961
-7.507783082384799,-42.55725941583732,0.03894420407844912,-7.279719216262265,1526584206.05393
-7.534675275158949,-42.510829387503996,-0.19397792161251104,-7.260126582060565,1526584206.090172
-7.343808587003293,-40.1910889739462,0.49999272043350373,-7.7544192175760145,1526584206.124409
-5.874245840956201,-38.427797879212754,18.258056504355608,-10.833542261281991,1526584206.253966
-6.3382805631684205,-38.5560591774201,17.75278833792622,-10.726703454093553,1526584206.367327
-8.783306355885447,-43.501897969357195,-2.071434887162006,-7.4677423259005025,1526584206.422488
-7.5055217923089455,-38.618665685723506,20.712708098488104,-9.702091116640332,1526584206.456177
-8.063969316132656,-39.667905777008926,13.71612399500966,-9.012745548998737,1526584206.5034
-8.982671112113225,-43.33587801541792,-2.6284395257109905,-7.570045414923044,1526584206.538388
-9.572319196279333,-41.67948095346113,2.8129366819423787,-6.103317217107275,1526584206.635926
-8.560972072791674,-43.48326480622471,-2.3345533359334008,-7.5161271150401205,1526584206.662124
-5.142921550368461,-44.50065745556891,-0.19055080699291782,-12.08746248776464,1526584206.728898
-6.523977359528637,-39.691481825435766,14.730147712284651,-9.39023003726777,1526584206.800106
-7.118336846452544,-43.92904466362809,-1.749418520486718,-7.769235400873356,1526584206.905682
-6.6297296796107,-47.49780721835865,-6.111280998132756,-7.733517475813812,1526584207.002069
-6.775885185088984,-46.11802192896172,-1.8212706629881543,-7.632528373114155,1526584207.042134
-6.363137515650945,-47.81958304186184,-1.6478625367088036,-8.224589467538294,1526584207.070918
-5.867707749028602,-47.9058234198594,-1.4632276307200307,-8.369175734905667,1526584207.170122
-5.612244159417746,-47.96898903326294,-1.253546136244565,-8.447936780770675,1526584207.202971
-5.1549260572150475,-48.177176241627194,-1.0762567995907961,-8.400522485034372,1526584207.238411
-5.5958149576890746,-44.32180459805808,23.181702189002316,-7.873093224074182,1526584207.285306
-8.491448852164178,-47.81621331874602,1.3455782824671783,-4.5670765777943245,1526584207.324785
-6.692558077590426,-42.80896935976506,28.72457213598245,-6.257450278337643,1526584207.362629
-4.44598803112605,-47.855092082180164,5.505600226920543,-9.20639898913555,1526584207.390158
-7.9946845159532165,-47.91949298937973,1.5318350622235624,-4.718574145563565,1526584207.425028
-4.62047321921669,-51.419461008412604,-5.821435760453943,-8.593158357716362,1526584207.446118
-4.437409473380371,-51.74220297258699,-1.3183767000518092,-8.970614692229503,1526584207.478224
-6.732238172315356,-51.568561540871755,-3.3926306383557474,-6.047571336360676,1526584207.498126
-2.2164514942873907,-45.17656938380921,17.85435827694501,-11.05274695778894,1526584207.572277
-6.686832087197736,-50.37279038285919,2.4491647594793813,-5.745680876216085,1526584207.633475
-4.129720156723562,-52.063200780879875,0.5226723050926623,-9.111765154230653,1526584207.668537
-4.073171990835346,-52.202499118193025,1.1959696220081764,-8.977915511351028,1526584207.704442
-4.321903452760795,-52.224818007543774,1.6937359116105775,-9.098499688131966,1526584207.733984
-4.297134592366813,-52.326317344345846,2.386705845412889,-9.125645205888787,1526584207.76204
-4.0407435328462835,-52.43939555088168,3.0650310350203007,-9.209361677306248,1526584207.801649
-5.926833060399376,-52.682602314818276,1.4056194349785205,-6.237250154664167,1526584207.835148
-1.458873869142747,-45.15462446165273,28.10468775824554,-12.195997279450495,1526584207.899141
-1.9198776281513932,-50.67611582106666,11.181937533670943,-11.235579615093599,1526584207.935042
-2.0807538144760462,-44.08665998168213,30.70426167054641,-11.884513325548681,1526584208.049529
-7.653982500246636,-52.410098786464225,12.431686322944834,-5.472210634095774,1526584208.169033
-7.848244950063156,-52.394280462615,12.922654887909662,-5.445660790910068,1526584208.205949
-1.6259653254202284,-42.20046906663727,36.80631043082711,-15.634842482622247,1526584208.336756
-14.390419872459793,-51.11771910436721,18.347507958707688,-1.3260070303067835,1526584208.408839
-4.535959232256704,-40.57876802046814,40.27674209015386,-14.679004178546876,1526584208.468296
-18.106863631891326,-53.52508363347963,17.840180242989998,-1.6336146521793466,1526584208.571677
-7.62471986300965,-46.23147023481931,36.514308767827764,-16.780182507963644,1526584208.639021
-9.110636215623853,-46.00171316139944,37.49514784118793,-16.353613027899314,1526584208.668998
-10.61170675601413,-45.760879652977216,38.43939648830696,-15.909115037861227,1526584208.718207
-14.408783003708308,-46.23788621616035,35.922355401876175,-12.399128361484713,1526584208.749904
-10.82388675654671,-44.09167665206641,42.843806451565925,-18.46994453348205,1526584208.774642
-12.273524491886063,-47.0072132026431,39.99857930230956,-17.1550117212268,1526584208.811007
-13.580686734314867,-46.84465720486005,40.90962178074304,-16.714259239722224,1526584208.853908
-18.18957553072751,-50.84203502284574,37.32289099791399,-10.383141824026296,1526584208.942805
-14.308749180762966,-54.368043186622444,35.196325955292714,-14.237669437918157,1526584208.989671
-14.398967950548544,-55.861901757886415,33.41059184151559,-14.125373862742805,1526584209.021215
-13.256666936530767,-54.763625288606825,35.56487654118191,-16.87339873041168,1526584209.057331
-17.03436971372,-53.695538243138195,35.58961085849416,-13.721438996802192,1526584209.079751
-16.252239015165074,-57.60648820061869,32.238228190421445,-14.44685119578537,1526584209.127476
-15.508982269624433,-57.84378480094633,32.729264106075085,-14.034431295514196,1526584209.155943
-16.39430422905062,-57.48597804427513,32.4512209446886,-14.069435508226633,1526584209.189805
-18.030457836564366,-58.91294428675976,29.6550483543603,-12.400657124420263,1526584209.212502
-16.836678767097577,-57.42680428718541,32.168674374069916,-14.55570619960588,1526584209.251879
-18.396873280627485,-55.39615760982878,34.1203149997587,-14.116932883454893,1526584209.284464
-14.666099333193387,-59.02453257874636,31.89798530318051,-16.715575270196382,1526584209.315132
-15.830723498121847,-56.95172581631589,33.17897939736211,-14.624382008338529,1526584209.349626
-16.710232209949496,-56.99177743684555,32.47182241054951,-14.265785166588813,1526584209.382304
-13.531376094941404,-58.837456670186306,32.379763067750204,-16.797275412846375,1526584209.419004
-16.52654368671066,-55.17224025804604,34.99995285163863,-14.178697066447228,1526584209.456621
-17.29898305105897,-56.7991288571084,32.53632953101797,-11.828327325144699,1526584209.482128
-17.16962532931222,-50.877322602934626,38.41032496710467,-14.021351764622409,1526584209.513923
-15.22519667611049,-54.97665917985566,35.50483903097978,-14.222627600541642,1526584209.549924
-14.83367000273805,-54.94634398441987,35.6972178490507,-14.252384371804965,1526584209.586423
-17.415484318815686,-54.66529829763433,35.168343326134114,-11.502291819664151,1526584209.637094
-16.54371673718638,-52.761521345183205,36.39150742930547,-11.819660431038898,1526584209.669309
-15.591037542337306,-54.77148665248647,35.887980458320456,-11.543686755968537,1526584209.694287
-16.27401337000709,-54.641687852567834,35.57589210493647,-11.55758663848792,1526584209.721627
-13.5267982579454,-53.71405166948539,38.70780444538181,-13.99553615204664,1526584209.819527
-13.946851543188917,-59.81060105011792,32.063008374594006,-12.076522184467308,1526584209.860554
-12.240529441642067,-57.735822933119884,35.082788709219415,-14.305541898405068,1526584209.956536
-12.22753149822894,-57.1333733711335,35.756835365877826,-14.311140132885924,1526584209.985877
-13.911708082533652,-59.889044808396676,31.70549331784535,-12.604877812244439,1526584210.023575
-14.37329954520906,-59.72448317320327,31.802958325963207,-12.12146103209571,1526584210.051104
-13.359012238091887,-61.670266075329394,31.192352090244302,-12.374448005486244,1526584210.095866
-11.482150426938919,-60.97830184096845,32.23340135305018,-14.784693652883789,1526584210.125922
-14.456082434039981,-57.869226921507874,34.8176277434655,-11.56443155159377,1526584210.159568
-14.63156154603401,-57.89214449749526,34.78959243699623,-11.564075312367862,1526584210.188673
-13.897372102291769,-61.72121060450575,31.122813976895706,-12.350596014857388,1526584210.224233
-14.075194409638472,-61.73880478121257,31.098608091773784,-12.3442768410996,1526584210.254547
-14.252178150492684,-61.75672351631173,31.07387701009841,-12.338795735304444,1526584210.283429
-12.336835895807331,-59.51733217208594,34.99987017704934,-14.556154202352161,1526584210.325142
-13.071826130895008,-59.35300372841382,35.04012245123996,-13.978711882020349,1526584210.356348
-14.01093682787215,-63.458244441441316,28.762600104325955,-12.888591366534513,1526584210.387615
-15.242565731787336,-61.93346301865205,31.028136498831554,-12.3713341820212,1526584210.418099
-15.176491372169014,-60.28694033116481,31.973243770078398,-12.591385959483432,1526584210.468452
-13.956193504106917,-61.503555659467416,31.82468361428129,-14.69567333901179,1526584210.514323
-16.940267535420084,-58.34511772059316,34.42392411943861,-11.703983657740508,1526584210.543319
-15.163651732189846,-58.53895468557448,34.586719563228215,-14.32158809819012,1526584210.583016
-13.860320323644993,-61.68381340069378,32.00991083521299,-14.657282793026837,1526584210.613871
-13.17790519904251,-63.362829998615936,29.573690511087285,-15.25720048079856,1526584210.638475
-16.03903704251909,-58.18806091474273,34.82495310906529,-14.308535256546264,1526584210.672277
-17.551193140242173,-60.26827165808291,31.502242261571745,-12.120434498175882,1526584210.700528
-16.57261625153675,-58.27303447209321,34.56660105216996,-14.299574134305288,1526584210.761236
-16.724013536287448,-58.83444908820976,33.93269958273354,-14.329874258807962,1526584210.768212
-14.02508139665119,-58.936658554996995,34.66557655712719,-16.75768592681223,1526584210.798038
-18.413567915452678,-60.33245301239674,31.227017836620497,-12.135785285047092,1526584210.835373
-17.41933059599257,-58.46666015630294,34.1889179244518,-14.324158371759324,1526584210.883912
-16.864394032595893,-60.49912383696453,31.380011885124045,-14.463783987011027,1526584210.938039
-16.03557202564028,-62.108596479512904,29.10735843886193,-15.048030613900067,1526584210.968983
-19.553997502333942,-59.04258058246361,31.079219312349732,-12.408686197074474,1526584211.012514
-18.931043646451897,-60.62635496701267,28.91996287599084,-12.815045883731472,1526584211.047745
-16.58248002114109,-61.79152773478769,29.32620713195025,-15.00405425521771,1526584211.066544
-17.555292836963467,-60.596932152367714,31.092929866927232,-14.470031761527736,1526584211.113389
-16.218999060986956,-59.31720969087864,33.55474963784088,-16.763179227775055,1526584211.135909
-17.330701802270518,-60.81533431952274,30.947707626174406,-14.870013586591597,1526584211.166046
-20.08821886176705,-59.0544729481594,30.862235769086013,-12.409594010865504,1526584211.179353
-20.08821886176705,-59.0544729481594,30.862235769086013,-12.409594010865504,1526584211.206197
-20.08821886176705,-59.0544729481594,30.862235769086013,-12.409594010865504,1526584211.230354
-20.08821886176705,-59.0544729481594,30.862235769086013,-12.409594010865504,1526584211.265048
-19.714705825605417,-59.23295573697848,30.764779864376806,-12.80551247754886,1526584211.29295
-19.278780353951497,-54.11901151778464,36.53846422878262,-14.532877864932061,1526584211.32812
-20.636191886133343,-55.154291690730574,34.260945712531594,-11.729002336865761,1526584211.425713
-18.66942475626765,-55.56698612113901,34.318280061098754,-14.321673268200527,1526584211.46196
-19.363378278405083,-57.604513319406756,31.415135216547107,-12.49075001427724,1526584211.501075
-18.564186850921747,-54.93030125793037,34.805775897494165,-14.241590875562679,1526584211.528545
-19.3378275747397,-52.66809983957613,37.27106518397689,-13.705939992305048,1526584211.561976
-18.267548662987025,-55.283953668360724,34.242270205157816,-14.192148643827153,1526584211.597959
-18.481989667470767,-56.47985085649425,33.72883302687273,-13.84481522246071,1526584211.630914
-17.339368911764797,-58.71835396075429,30.857943652725133,-14.430350947609071,1526584211.675384
-19.06757214761299,-58.548160709913844,30.655059087164016,-12.030016441709847,1526584211.695795
-19.71132162140435,-54.65857094799335,34.209016047762624,-11.38888544525284,1526584211.730075
-20.813852685868977,-52.071242934620024,36.97801604794626,-10.397999190981864,1526584211.765649
-23.562684680944773,-57.53130980678573,28.838072456567204,-7.093931342627087,1526584211.82995
-21.904007818732115,-55.19359493938307,32.66108342100166,-8.629121927715062,1526584211.865016
-20.117069803155996,-56.34953297155817,32.88210164887172,-11.037698051620822,1526584211.929483
-20.284763312224918,-58.65053870862699,29.946142423945222,-9.67071652568032,1526584212.001968
-19.273882612306746,-54.25854635313627,36.33710846018593,-10.726644237604404,1526584212.068052
-18.38601412259587,-56.36776274918768,33.71945283634788,-11.07514623170934,1526584212.095982
-20.16223537330811,-56.58973769401898,33.0842082701313,-8.326838695437004,1526584212.164114
-16.93206529934845,-59.65406485191337,30.833662253901633,-11.834989496498935,1526584212.232443
-19.180325724714102,-58.738348278286644,32.260516632640496,-8.745916673549488,1526584212.532169
-18.07543068400385,-62.42186002256054,28.745684019887538,-9.827816165774578,1526584212.567686
-18.214996983681434,-61.96027539096304,29.339811676200455,-9.8229829528714,1526584212.602123
-18.214996983681434,-61.96027539096304,29.339811676200455,-9.8229829528714,1526584212.651058
-18.385154875638705,-61.962458732459126,29.322067980941146,-9.824801063921086,1526584212.678964
-17.03126827304037,-61.158646514491984,32.71246158507188,-11.471351794133426,1526584212.74025
-18.65607753114313,-62.033998716063735,29.407605448727328,-9.89445596781161,1526584212.801954
-18.822200606385465,-62.03835061914963,29.387363356095598,-9.900334144232659,1526584212.83758
-20.863855394655452,-60.01684496728782,31.87456550151291,-8.677726767669071,1526584212.952255
-21.014605321669556,-60.02647566735869,31.84707582035503,-8.701235630421621,1526584212.972825
-21.16418368327418,-60.0368891046038,31.818887117436628,-8.725961386927679,1526584213.002118
-17.97478234697536,-59.74153365447911,33.45150681238619,-11.911067388518461,1526584213.076131
-19.483112803601074,-60.02452915345708,32.30576103671902,-11.35841162112041,1526584213.106613
-17.18505467635326,-58.238352634053044,36.05623387308839,-14.01725858506407,1526584213.1735
-21.286221215545083,-62.124256636802755,28.670078884635167,-10.090604326581996,1526584213.20749
-19.11017690771639,-60.19837388643061,32.69900132429541,-11.470914686280253,1526584213.240472
-22.592905037361867,-60.18713835262797,31.496852431125603,-9.042594895713108,1526584213.377946
-20.528883169196178,-58.6980271764282,32.956378881314144,-11.930886988165668,1526584213.510278
-20.11634175566676,-60.4538296665604,32.369963321411376,-11.677373612743537,1526584213.544581
-18.541772432139044,-58.81850547009382,35.3905967047493,-14.201046396645609,1526584213.582937
-20.255246081620147,-60.493462148426374,32.319823032337595,-11.711600288351747,1526584213.626396
-18.686697584411657,-58.88625931841198,35.312794830629244,-14.226962500339113,1526584213.656916
-21.904656028520364,-62.24037627268876,28.863660131568494,-10.263172125123475,1526584213.690861
-22.04573894494885,-62.25722188004741,28.831031511449176,-10.294604154575637,1526584213.785982
-20.42614083032612,-62.2155604767419,29.13094498625228,-12.459608441091689,1526584213.878292
-20.42614083032612,-62.2155604767419,29.13094498625228,-12.459608441091689,1526584213.910838
-22.274681826457297,-62.18765770970586,28.69938378372104,-10.24322013324641,1526584213.946396
-20.42614083032612,-62.2155604767419,29.13094498625228,-12.459608441091689,1526584213.985699
-20.42614083032612,-62.2155604767419,29.13094498625228,-12.459608441091689,1526584214.026813
-24.8712477494559,-60.8894598463242,28.010998601366445,-7.822597437056743,1526584214.089087
-24.060809395402682,-58.945393509430346,30.97750098169643,-9.423356754165326,1526584214.123136
-24.060809395402682,-58.945393509430346,30.97750098169643,-9.423356754165326,1526584214.15921
-24.060809395402682,-58.945393509430346,30.97750098169643,-9.423356754165326,1526584214.179991
-22.768083875236062,-60.852408823230256,28.616157101037608,-10.392176975562649,1526584214.247228
-22.032887033337808,-55.22074906276981,35.455222580390085,-11.412941530131036,1526584214.290322
-24.15180022389494,-58.8511705351988,30.87978228668425,-9.329898589607694,1526584214.344859
-24.15180022389494,-58.8511705351988,30.87978228668425,-9.329898589607694,1526584214.380064
-22.851093817824857,-60.768715018637714,28.505663827160625,-10.309791416294388,1526584214.45113
-22.33679322697668,-53.16443469805329,38.022597891010115,-11.55996026105825,1526584214.481221
-24.106315403871232,-58.73858973357934,30.81432508021872,-9.194554569860742,1526584214.613907
-24.785183545784463,-60.721958295708156,27.805417425413864,-7.559085438580837,1526584214.78293
-24.785183545784463,-60.721958295708156,27.805417425413864,-7.559085438580837,1526584214.817842
-24.640565369238267,-60.727939095666905,27.817794717055296,-7.528454995989449,1526584214.921518
-23.74307594687583,-58.79174902492034,30.98526274091087,-9.204380082480156,1526584214.958968
-23.74307594687583,-58.79174902492034,30.98526274091087,-9.204380082480156,1526584214.992792
-24.494589056913156,-60.734643037251175,27.82965062137518,-7.499312148514434,1526584215.022471
-24.015620473214597,-61.005760108096,27.838264572624933,-7.99788211694019,1526584215.058288
-23.54980863626151,-58.669515770523056,30.94592476352223,-9.03897893901356,1526584215.180361
-24.902449245687006,-60.72026269036018,27.358742609199012,-7.499713548932249,1526584215.418765
-25.12300330854763,-59.034520837101695,30.228229167251982,-6.612625659361697,1526584215.454605
-21.343352957894766,-62.006878473751314,28.80268174749471,-9.971003899269533,1526584215.488844
-23.00635068133675,-62.79308317772603,27.415167744562545,-7.799240611082695,1526584215.528292
-21.199166034192682,-62.432995655832705,28.25648488061799,-9.974329587502552,1526584215.570516
-22.628582008197906,-60.53412303191875,30.66897552249064,-8.866616248081755,1526584215.591377
-21.199166034192682,-62.432995655832705,28.25648488061799,-9.974329587502552,1526584215.626489
-22.681723501779203,-64.15743278654674,24.713797919239504,-8.56303672408859,1526584215.663495
-24.200836687981315,-62.46412342492605,26.95302691978692,-7.349565862784743,1526584215.68939
-20.31698360461382,-58.280269757786485,34.96187727772967,-11.179091441601656,1526584215.75795
-22.116726812168764,-58.900195648566566,31.834861114176807,-9.164762388306087,1526584215.824795
-21.467303424700972,-63.69898480205569,27.905107296484907,-9.858632143726737,1526584215.858817
-23.613251155637144,-62.815494858450826,27.073998014223257,-7.940513013073343,1526584215.89182
-24.00829933515122,-62.6262472664829,27.194988800460905,-7.539659548236415,1526584215.922558
-22.44430997909681,-60.70631207470325,30.871749144945287,-9.047623531898068,1526584215.957152
-19.48900087770037,-61.85629275704188,32.09734691686179,-11.905195988382303,1526584216.090763
-19.48900087770037,-61.85629275704188,32.09734691686179,-11.905195988382303,1526584216.125828
-20.248791402839323,-58.600244939753445,35.11159435630673,-11.410443119677069,1526584216.169577
-21.43807476406522,-63.870460472812674,28.08295431103462,-10.048255390530812,1526584216.217631
-21.157627480698896,-63.649853223740784,28.51956867219071,-10.461383752686118,1526584216.240819
-22.511018073768177,-62.25769724023464,30.37679550159918,-9.49444972766534,1526584216.291952
-21.718995609817835,-63.89714659236278,28.018070906610493,-10.106474036671585,1526584216.429934
-22.094733259672516,-65.53324004263946,27.426957893733537,-10.671984825112702,1526584216.728466
-20.794512217422703,-61.24461315417785,33.60794393309381,-12.180941957845135,1526584216.765939
-22.222398435738455,-65.55374372055593,27.38374695985574,-10.71056424606715,1526584216.797897
-20.225107307835447,-64.27484172600509,30.62896218483622,-12.590267791831593,1526584216.841444
-19.599617989912446,-65.6650886440508,28.35946117522978,-12.828176722804045,1526584216.869934
-21.587172132836415,-65.6648951000031,27.894766841608877,-10.771043047615478,1526584216.970382
-24.247383197099307,-66.10162884926534,26.093893335321987,-8.79597275360888,1526584217.098865
-21.15624255380584,-64.08085396218902,30.48188059416147,-12.193157103360392,1526584217.165585
-21.15624255380584,-64.08085396218902,30.48188059416147,-12.193157103360392,1526584217.204354
-23.016550667354746,-65.71785971831451,28.990096377186894,-10.209252655040132,1526584217.243519
-21.91407852346495,-66.01216279336259,27.188176427448276,-10.810789614179441,1526584217.280888
-20.802779385474988,-64.36621255047837,30.306604337446217,-12.682753176494373,1526584217.305936
-22.807061654224672,-64.60080124866583,29.373884753814735,-10.459829451557312,1526584217.375132
-22.807061654224672,-64.60080124866583,29.373884753814735,-10.459829451557312,1526584217.401787
-23.175134442433272,-67.12885036610938,26.047982273486973,-10.70922866538342,1526584217.448159
-22.034070261121094,-67.38776109073098,26.507249645452628,-11.10832284759718,1526584217.469514
-23.2296313792248,-65.78223207537211,28.88232369761947,-10.323018283751281,1526584217.509375
-23.2296313792248,-65.78223207537211,28.88232369761947,-10.323018283751281,1526584217.537324
-22.435365559244794,-67.20247469950463,26.612539082512065,-10.739864006120143,1526584217.566505
-23.30252924378698,-70.12220799343133,22.650121489529084,-9.472204103175898,1526584217.63799
-25.23369141966251,-67.07430778037583,25.326920319894604,-8.636036227018735,1526584217.667697
-23.555558495238138,-65.61410406045917,28.705348632412285,-10.180878515411791,1526584217.739793
-21.563932621678106,-65.60923804634922,31.548454877050126,-12.077974670470326,1526584217.840934
-21.094095569268994,-66.9984267515507,29.093935672932304,-12.180401687240987,1526584217.90451
-25.308706917486248,-68.68727291185783,24.06132465690746,-8.853933391367775,1526584218.038526
-25.308706917486248,-68.68727291185783,24.06132465690746,-8.853933391367775,1526584218.073698
-24.73911950168402,-68.29516418405323,25.153408280685056,-8.736723401359825,1526584218.1099
-24.16812918332489,-65.03495425485289,31.256242038561936,-9.546182496915293,1526584218.17455
-23.506328410176593,-69.65296829485358,24.478025253324283,-10.542253736106943,1526584218.280308
-25.559318460529315,-69.59499977930565,23.882352019655958,-8.584545757603252,1526584218.337909
-24.98334626527021,-70.25552591586856,23.25819175008016,-9.117862418240236,1526584218.378921
-24.864431615590554,-71.3483011757543,23.257638880100217,-9.033200109763897,1526584218.477905
-23.915518703801137,-72.72572037935674,21.169467705170653,-9.8535777407686,1526584218.57579
-24.888219108576934,-71.86783970581605,23.212731083729913,-9.977310622120768,1526584218.745327
-23.916998499476644,-74.70788379132625,19.965646671007942,-11.14011495415869,1526584218.877563
-22.245959418403626,-73.72391285261487,23.316324268961836,-12.638935105720407,1526584218.911771
-21.347194427029162,-76.23850162511623,20.174209344360122,-13.25337907110719,1526584218.9471
-23.637142057347745,-74.85844547065425,20.237851469567836,-11.873117273126951,1526584218.985942
-21.471711021585183,-76.16371462346345,20.483867663750598,-13.514102965044259,1526584219.017932
-20.760637515809652,-77.32671296752925,18.093966211753568,-13.966173210453803,1526584219.048768
-22.25533466016435,-75.1817430920913,20.462362447933906,-13.812907927353194,1526584219.087877
-22.23114258371309,-75.3516654698933,20.34956808315097,-14.093467210836423,1526584219.133802
-21.283453388343045,-77.63591721807073,17.396258129328068,-14.697629872257153,1526584219.155516
-22.66566888757171,-76.61919009736376,17.67938559774192,-13.45978764347285,1526584219.188929
-18.56624916827189,-81.35897634244064,10.793142361526968,-21.519167438256318,1526584220.457918
-19.39668681639377,-81.49230559432786,9.431558836838935,-20.449323435016396,1526584220.494489
-18.820720786152734,-81.16784820972538,11.033481036565043,-21.42767471758532,1526584220.537482
-17.076683714145666,-82.18822405040217,11.93952935017197,-22.56433820763104,1526584220.636632
-18.97770180513262,-81.12232014316129,10.940861899699158,-21.430981577104546,1526584220.661091
-17.024225105415486,-82.35100324878306,10.59375443221392,-22.417968943997437,1526584220.701955
-17.11179257481918,-82.26459838870957,11.582502166136656,-22.55382427026754,1526584220.732066
-19.134089829567216,-81.07665634427198,10.847835869181928,-21.43503672823806,1526584220.774789
-17.974712434499306,-81.19251761956819,11.882070956862332,-22.79685757322224,1526584220.80234
-15.959464192653762,-82.45256212679962,11.487123412297127,-23.77466185840106,1526584220.834017
-17.263731289930252,-82.27053951883993,11.399047673212266,-22.676002580160258,1526584220.870651
-14.573464300231546,-82.81611241346361,11.118365803269118,-25.049316776192796,1526584220.894506
-19.201606926156117,-81.20792487389147,10.355995239866157,-21.65267211224642,1526584220.928073
-17.51317334349969,-82.13224539139748,11.555191773422461,-22.70724742432509,1526584220.970785
-19.02408455960635,-81.32480139528528,10.169787322070228,-21.89308206518794,1526584221.003724
-16.24777161520589,-82.44236723977245,11.1827444175999,-23.905205801978184,1526584221.030617
-19.176715908234222,-81.27964658618816,10.07658627774003,-21.900953540712948,1526584221.062036
-16.384126894474168,-82.4175858992549,11.073280890571983,-23.917785312380545,1526584221.099321
-19.659537255217405,-81.07054549330039,10.074941471113242,-21.676887110099415,1526584221.13205
-17.081051243366446,-81.15622014344412,12.95509297830873,-23.963724891290497,1526584221.159518
-19.81081342227113,-81.0245251171892,9.980656471401218,-21.6866206629835,1526584221.19616
-19.03349006424608,-80.89611000566501,11.379112206160393,-22.736552423341323,1526584221.230273
-19.31839096858213,-79.89127000168592,12.017763453871499,-22.78530669498707,1526584221.265088
-19.460858846910778,-79.85806853271325,11.909935903522019,-22.80026192987438,1526584221.294765
-21.365894460469146,-79.45270241330957,11.574703475714141,-21.748618350173047,1526584221.329411
-19.60260486700168,-79.82482458693083,11.801808070571465,-22.816063874079447,1526584221.377306
-19.610604684844,-79.86636101760277,11.727959484045936,-22.936982123977828,1526584221.3998
-20.817039747312254,-78.41785522051983,13.435962874750732,-23.036034319427188,1526584221.431092
-20.541479260711174,-78.74243975753254,12.011407272721218,-23.186286398750923,1526584221.465852
-21.817347145641843,-78.46141493955044,11.999567958965912,-22.06196032738123,1526584221.501501
-18.47259920135214,-80.1842617260372,11.456372432887711,-24.297337536372538,1526584221.529103
-19.047000281679352,-78.92498708890271,13.429129424546083,-24.351228403027534,1526584221.571599
-21.802296402859575,-78.63729510414404,10.66638255154124,-22.012211336214477,1526584221.597743
-22.935774723885288,-77.32133225088063,11.180803793300665,-22.00840070481874,1526584221.646485
-20.008852181305237,-77.8184053385001,13.67308019573698,-24.614224115893307,1526584221.666559
-20.331626782801425,-77.63475680175142,13.7703646032868,-24.390751216477554,1526584221.69436
-18.918398534521536,-78.13900777392183,13.336972433629985,-25.60006794008393,1526584221.733347
-21.462059756686838,-77.41509837289469,12.86340804346926,-23.17091377594761,1526584221.779903
-22.51675333864012,-76.20186920806115,13.100021645720343,-23.15425849848765,1526584221.806662
-20.696813081542185,-76.55907129160296,14.471914912813599,-24.451363185315984,1526584221.838776
-24.20134505889093,-74.61926559183844,14.20135993463514,-21.931505314842724,1526584221.871109
-20.81310311108863,-76.48457358505532,14.427403092998976,-24.354318631277494,1526584221.914469
-22.971452883554882,-74.9080504415634,14.985397209822597,-23.313316395567853,1526584221.94193
-23.292517812359538,-74.7058785364464,15.07936709930113,-23.080454047680632,1526584221.979906
-25.68293540394055,-72.76657210175884,15.889060267938667,-21.771290318797526,1526584222.00994
-23.21715010836012,-74.77713639487774,14.049987405716507,-22.89139132495137,1526584222.04933
-24.41636642555687,-73.28705922291928,15.41318038572594,-22.97842179021572,1526584222.073931
-25.353148295341004,-73.19216767258206,14.262863016486612,-21.67009241842308,1526584222.108103
-27.03500054733543,-71.17595927547188,16.045191209657602,-21.3628959163253,1526584222.138119
-26.053548653274966,-72.42155621687192,15.803582466347176,-21.302396848223083,1526584222.178763
-28.1596652082621,-70.88785156942608,15.02946781252951,-19.938401194501438,1526584222.20389
-27.290211521052125,-70.97619399970611,15.925052886777774,-21.135094680260863,1526584222.24429
-28.2968371171525,-70.78072354207606,14.965861298351872,-19.818103441012227,1526584222.273932
-29.65684643432015,-70.23752348737455,14.929469768799212,-18.272142481763865,1526584222.30458
-29.267432556819458,-68.81312417462753,17.051708350490827,-19.40632592436259,1526584222.340265
-29.400972824780773,-68.70250809677022,16.986402863683125,-19.286755980044973,1526584222.379948
-32.04837493327745,-66.38556915745544,17.46467995193958,-17.586113356307123,1526584222.418601
-32.423394823778324,-65.80416271270636,18.645088474767853,-17.523473163607832,1526584222.45603
-32.56172175308587,-65.67966815990165,18.578123364044593,-17.393539364831497,1526584222.482206
-32.699946484476804,-65.55500650724714,18.50981479807868,-17.263536917091756,1526584222.510022
-30.571202311060887,-67.51121505004132,17.98221319669831,-18.51605824141089,1526584222.553024
-35.578660099841706,-62.817958773130215,18.857481777205237,-15.220806786015658,1526584222.590441
-35.72386106888434,-62.67792750931251,18.779672815184263,-15.077197000636062,1526584222.623545
-33.90465105861677,-63.117826779222504,20.431502605728745,-16.758351111330512,1526584222.67171
-32.84234581756826,-63.63393830968449,20.29843807625445,-18.131431542904835,1526584222.707097
-35.32616788082336,-61.1410182103339,20.72657825524651,-16.505000308804625,1526584222.734014
-31.254224889231345,-64.6255596877753,19.73722665022813,-19.846574738433162,1526584222.764596
-35.45555938325229,-61.0078803952148,20.648563114131754,-16.373610726135723,1526584222.796778
-35.584739243958644,-60.87470276491145,20.569260797267475,-16.242208618341266,1526584222.825664
-33.07841290933753,-63.316168624199356,20.195744714106397,-18.008578382081538,1526584222.849182
-33.333495660607305,-63.160056161275186,19.994040104374353,-17.6522132238764,1526584222.871687
-35.84240398442304,-60.608280240180605,20.406767879393445,-15.979411624595656,1526584222.906921
-37.56454811987308,-59.291521937204266,20.831538572891063,-14.044944757498257,1526584222.940098
-33.52324158694759,-62.68297483665467,21.077613160406276,-17.67352008166415,1526584222.973904
-37.704266875834705,-59.14403667034572,20.749934399586493,-13.900783878886074,1526584223.007893
-33.6389125548543,-62.56894701168111,21.003056902644282,-17.558259634189,1526584223.041924
-35.25164579719323,-61.48660799561191,21.31768781507057,-15.737455860918203,1526584223.078041
-37.84375718927851,-58.99648128978147,20.666977899809826,-13.756520899267684,1526584223.113437
-35.4922231655433,-61.144779340957264,21.58003632604973,-15.660264310453186,1526584223.146487
-35.4922231655433,-61.144779340957264,21.58003632604973,-15.660264310453186,1526584223.198324
-37.118919823344996,-60.04970235545763,21.812003045555727,-13.741098626572892,1526584223.213948
-37.118919823344996,-60.04970235545763,21.812003045555727,-13.741098626572892,1526584223.246699
-37.118919823344996,-60.04970235545763,21.812003045555727,-13.741098626572892,1526584223.282301
-35.25164579719323,-61.48660799561191,21.31768781507057,-15.737455860918203,1526584223.345375
-36.97722638778479,-60.194608250165295,21.88125331906286,-13.882860364039914,1526584223.395436
-36.97722638778479,-60.194608250165295,21.88125331906286,-13.882860364039914,1526584223.429905
-35.00332002837966,-62.84250014609789,20.655823337518623,-15.633930205298554,1526584223.479713
-36.24984543100399,-62.42970916512295,19.676128329319717,-14.001621434039123,1526584223.514409
-39.067638716049274,-59.08748313747533,21.63959091023858,-12.15693316682274,1526584223.551859
-34.737606300537884,-63.09863422924126,20.788825187298638,-15.894185281176448,1526584223.58068
-35.17028650718377,-65.03263093374981,17.13132216864316,-14.473442944476147,1526584223.622641
-37.95515086766654,-61.990370967929145,19.01440187372884,-12.703975020165785,1526584223.6556
-35.472827776634595,-64.45795013616124,18.796923584832236,-14.490433444316409,1526584223.680284
-34.86694820750823,-65.3023773072889,17.283344257313576,-14.759724738488558,1526584223.724155
-33.19840976777685,-65.0751873453788,20.969539874862107,-16.471906474508216,1526584223.767506
-33.19840976777685,-65.0751873453788,20.969539874862107,-16.471906474508216,1526584223.796631
-35.33222061514285,-65.07637490222461,17.97718588713019,-15.071551027899204,1526584223.828188
-34.488441857734664,-66.68875779828691,16.673246285305297,-14.839992585924506,1526584223.859497
-35.54652872577845,-66.36796001676976,16.514594398409365,-13.498112373380792,1526584223.894297
-34.507499239741136,-66.38755909099707,18.16100304012073,-15.06845131429381,1526584223.936872
-34.33215568709634,-66.8226650657569,16.741315857192554,-14.984936262108903,1526584223.977811
-32.122921568476265,-67.26042234129874,19.89943281244632,-17.10529190324226,1526584224.020539
-32.98357180741981,-68.72618558686167,16.347809637903012,-15.440435743086937,1526584224.050134
-34.182352724511524,-66.73798279024936,18.210227963632043,-15.53447506840584,1526584224.076484
-27.203111786818816,-72.42093948464152,16.427778148522254,-20.367685840730246,1526584224.0944
-28.844515174764016,-71.56849967224962,16.94118060646491,-18.907519202447816,1526584224.123428
-30.510198672157372,-70.61657076390924,17.49661064310375,-17.235500431572206,1526584224.157543
-27.914757219410973,-72.9902933433633,15.550490717618246,-18.588831676647857,1526584224.202938
-29.966654175785365,-72.38894048820346,14.879836920634231,-17.2008839899498,1526584224.226058
-30.496129147204936,-72.36425766681249,14.158011600122753,-17.15676065311436,1526584224.250832
-31.350792294222057,-70.37275798455182,16.669381973714316,-16.929419581852727,1526584224.287179
-32.451949215193956,-71.03272278234235,16.00387117213588,-15.420666806153378,1526584224.32062
-34.88196843276288,-68.45878921898908,17.103166687876346,-13.294302646502473,1526584224.353896
-32.590325186322794,-70.18366389333544,18.402432661688163,-14.982518558571172,1526584224.387887
-30.6785101269916,-72.29772756750938,17.363420541447645,-16.40442779134449,1526584224.422209
-32.14509781816028,-71.97081642369214,15.719519122074928,-14.762869713340706,1526584224.458299
-32.1527193548143,-71.68731868353464,17.292886059296862,-14.935441605115926,1526584224.487128
-31.847534500000183,-72.1895097501615,15.55296632626219,-14.979687923184912,1526584224.530764
-34.692368083399344,-70.86057621489549,15.290915383231768,-12.855230584563003,1526584224.557829
-31.991144911391835,-72.40284079441142,17.47792545810026,-14.326742593973961,1526584224.587276
-32.15937086876904,-72.2799796419163,17.443959066178216,-14.186065602687592,1526584224.627704
-29.33202561523533,-74.57391767435752,16.967417678956963,-15.950883276790677,1526584224.663554
-33.690632078633605,-73.7101906915152,12.351747489090236,-12.547551728884656,1526584224.690751
-30.50085766020121,-74.13000057715841,16.404623157076607,-15.367801610716327,1526584224.726217
-30.377566877133965,-73.94928337855407,18.044617333416866,-15.569232098088975,1526584224.757943
-32.18845362992603,-74.64971511856666,15.28242600211516,-13.580143246639324,1526584224.79728
-33.62043891457941,-75.04547090207183,13.838027700916236,-11.66208964596268,1526584224.829385
-31.740036721854292,-75.47353142993238,15.778493502004658,-13.509410049557118,1526584224.868084
-31.431688094637366,-76.5066984099846,15.508033394155257,-13.158700917691391,1526584224.894181
-34.85675877200203,-73.86169250136149,15.762051884056364,-10.865988700681015,1526584224.926906
-35.257278271348206,-74.63952140747112,15.058620112593658,-10.486867321609594,1526584225.025914
-32.482053180344714,-77.74270365903119,14.218604507021963,-11.839706582232708,1526584225.117388
-38.663134266721016,-75.26620365779237,11.135907405988405,-7.028444570110224,1526584225.200386
-35.51890742417416,-77.65257896688088,11.065497619022237,-9.30922667304469,1526584225.238562
-36.58279488435253,-76.40766020056596,14.146394391315738,-8.759081368204988,1526584225.270423
-36.835495060258054,-76.49277258460218,13.206638181516208,-8.571448920261105,1526584225.301197
-42.20690828476513,-74.57604226090835,9.341867791742184,-4.274833826807168,1526584225.339037
-40.21183250387055,-75.3047841876346,13.605256709491474,-5.804750036150409,1526584225.42993
-37.338251979073405,-77.89177886080213,12.546769207120864,-7.762779701481691,1526584225.46824
-41.36959028748871,-76.14285998394871,9.541140056923478,-4.832288528839769,1526584225.503534
-41.769394237628106,-76.77552955789461,9.028436224310887,-4.796466592464128,1526584225.599504
-38.15750235508607,-79.49735758093198,10.823079630484806,-7.379554128125392,1526584225.623892
-41.453275845201915,-75.84179128582817,16.033589265737064,-5.2016941730320525,1526584225.664517
-41.53103244691159,-77.3688582769387,11.908322551799799,-4.800128885775251,1526584225.697295
-38.70167457644535,-79.84863312548673,11.179666401118187,-6.939526685675617,1526584225.735239
-46.12297529305981,-74.63994557666638,11.79541273654818,-1.649086334801126,1526584225.761652
-42.46418664035257,-77.91455357579592,10.631585491083339,-4.276287236516907,1526584225.793755
-41.27402900163842,-78.70053978636109,10.473113175056502,-5.247224490046733,1526584225.827897
-42.56598253192225,-78.9879483449681,7.552941248328887,-4.242332687933356,1526584225.878225
-38.14646461000306,-82.21644567398653,7.417581392227772,-7.31071052736425,1526584225.912212
-37.10243202427649,-82.66952561256916,10.152355111870845,-8.193800683817187,1526584225.945033
-45.42226684867184,-78.48920981939791,6.740504176641085,-2.2511550832035425,1526584225.979169
-37.17415089350236,-83.29812240056174,10.732507680114018,-8.007783523299054,1526584226.018649
-37.116019897004676,-83.33564911194608,10.652793714004908,-8.147461704432743,1526584226.045015
-40.7754198429361,-81.62137916771975,10.22002299720468,-5.730776454663129,1526584226.068007
-36.19823993748659,-84.92937577207226,9.511613568186693,-8.733722099983368,1526584226.099289
-46.007978596835635,-79.73490807686461,6.758967636027805,-1.948503955990077,1526584226.149401
-39.65898359536766,-84.20435106100439,6.653144563826675,-6.3285905443511865,1526584226.180686
-35.88406005483514,-85.95938369959529,8.975499063888043,-8.827519845794427,1526584226.214827
-39.264437197687045,-84.25036332239625,9.794110820756186,-6.75656557829592,1526584226.244517
-44.53160564221546,-81.69848781616042,5.764212970921546,-3.1576987201815143,1526584226.287118
-28.286315220122567,-91.1239796348409,9.097284050991071,-13.532247284174417,1526584226.33379
-26.95011166573103,-92.54757556847477,8.817411505868344,-14.408828625411445,1526584226.49999
-30.0301011099777,-92.00996633235589,7.210238261970421,-12.420129750056134,1526584226.545881
-30.008828610783052,-92.16814955482926,6.78314746222019,-12.579526988519206,1526584226.591142
-26.368844108012844,-93.6531098954737,8.08928032927916,-14.694570360088676,1526584226.640576
-32.53336604527328,-91.71916579352187,5.24143847694979,-10.839931782340358,1526584226.66381
-28.948540640215715,-93.21325583327616,6.830538383702548,-12.967520466393182,1526584226.687887
-25.57927455394732,-95.32599182940773,5.607609488938996,-14.874389731836033,1526584226.713767
-25.20322558598557,-95.47076120602932,5.565083370284894,-15.183967082350506,1526584226.738574
-24.979857691585643,-95.55410041087434,5.493816567736017,-15.3989496227654,1526584226.776887
-24.60045956718765,-95.69603797532952,5.446494813900657,-15.709952390926276,1526584226.806992
-24.219284446958437,-95.83614394235006,5.395959609784601,-16.021674767989822,1526584226.832497
-20.25230667944408,-97.96803778399315,6.366139344296222,-18.080717501369264,1526584226.875893
-22.755096682216937,-97.17002901553418,4.539752423318063,-16.86006380190605,1526584226.902685
-17.97379210887966,-99.18379240314958,3.3872280956944074,-19.455654768727754,1526584226.938217
-18.994624647327466,-98.36085609831146,6.0234503418027,-19.13399487952111,1526584226.967285
-16.132255998019208,-99.14655697809096,5.2435456148182595,-21.041287559100425,1526584227.035671
-13.004951154218116,-100.71831778299988,3.508701801195947,-22.70737522493198,1526584227.068968
-20.630575288437694,-97.6830322439244,2.0717457911803994,-19.065406402520466,1526584227.1111
-10.165114896041462,-101.3355406389658,2.3666921157039127,-24.585322852930403,1526584227.147084
-14.35227666833686,-99.50828979500623,2.33975216003355,-22.87175466174051,1526584227.193971
-9.938763106825192,-101.02405328122617,1.2128598434872977,-25.21356066489139,1526584227.230006
-7.36602986723957,-101.09925231327003,1.686785838830632,-26.953104155681388,1526584227.25275
-5.227514493039932,-101.42719973749637,1.1591104145804323,-28.32528815840675,1526584227.301264
-17.649766282273816,-84.32365482730566,30.333382333907508,-4.199684226558304,1526584229.987967
-14.99878348643189,-86.8995813196374,23.822836226915772,-5.888503265942745,1526584230.031038
-18.04912342476082,-87.91947387916635,-17.28757005990995,-3.693335804231083,1526584230.064006
-17.607993120952596,-87.88563071627827,-17.84636907601805,-3.801125271515133,1526584230.111492
-14.006638211980285,-88.14523722356496,-13.5392129519954,-6.0504534575154025,1526584230.132974
-19.508724423597233,-87.71948027479179,-10.442813044263486,-2.3195238579146746,1526584230.16232
-7.691713363249814,-88.16154396457674,23.787034636775264,-9.769253120885054,1526584230.203168
-11.413146011548914,-89.12051802590469,8.644600241239083,-7.326857279465145,1526584230.256048
-12.752877648449733,-87.97786726825139,-15.49247255561543,-6.31930924288713,1526584230.282828
-10.907620340165046,-89.19566436792839,8.513418368782775,-7.470440885271756,1526584230.315217
-7.665149057692462,-89.36259646637761,18.12284145643341,-9.426148011743095,1526584230.340668
-12.288261866902799,-89.62432921110589,-17.13409950278071,-6.38123363695621,1526584230.37358
-12.950761597278209,-88.18631914038868,20.07291899075296,-5.863043986740166,1526584230.401347
-12.159097690638061,-89.425307538683,-18.173123512776677,-6.36397927466632,1526584230.437913
-12.220819152290844,-89.3073897502639,-18.676940068503704,-6.316090615731497,1526584230.465908
-16.99735074396909,-89.53858163874231,13.86901476602179,-3.293842383621495,1526584230.50256
-14.880613277139735,-89.31672890924659,21.858042639748504,-4.6211994829346565,1526584230.530556
-12.497497927264018,-90.42688692811117,18.306584315107337,-6.2252595050069885,1526584230.562282
-12.686226406461582,-90.57271235873986,17.80248376244273,-6.131536648547808,1526584230.595712
-12.800564877419204,-90.64740909666322,17.33404474366913,-6.134948522934536,1526584230.640181
-12.859790091873036,-90.97270444678988,23.43195978827858,-6.131111786471848,1526584230.670463
-14.058472432732273,-90.15111729474528,-21.849373050960164,-5.550023855082742,1526584230.70011
-9.482335966145618,-92.29775462362967,20.179161596946823,-8.497127349960095,1526584230.734565
-10.33685804921035,-93.28444544099574,4.71329381014169,-8.169960869801173,1526584230.781241
-17.10666919392089,-92.3197649399739,17.96825175793937,-4.0076495153585086,1526584230.804398
-16.50649038574601,-93.24884686099881,18.668923054063136,-4.567388468795826,1526584230.8338
-14.212648302308205,-94.02967124967269,20.390939642088853,-6.10374056578371,1526584230.872563
-11.356981715516739,-92.36443612679633,-26.059805771132424,-8.017785427286015,1526584230.914069
-16.985144502427353,-94.33379929148279,16.319863913623937,-4.826929450798872,1526584230.941929
-11.702685567987821,-93.22105679873803,-25.606231498294235,-8.20497928258348,1526584230.965904
-16.85811554613211,-95.51003148433456,10.72755561652052,-5.354317952747749,1526584231.001352
-19.943958602484376,-94.41482365740904,21.297900710041066,-3.5757396713429728,1526584231.04114
-23.54659446955348,-95.22816706565492,18.62395570932797,-1.6337269770214107,1526584231.066286
-25.125929373683697,-95.97317159844799,12.057124369111666,-1.0070125217308998,1526584231.102268
-17.478288534507275,-94.21343796209467,-28.04832514271708,-5.755198102333338,1526584231.138276
-21.618854469690326,-97.92070400604008,14.538206781481275,-3.598180912727031,1526584231.17278
-23.27819047863455,-97.44251307791086,19.033224818625662,-2.7500295771403103,1526584231.209189
-24.076769453236455,-98.35661992821775,12.354893128031513,-2.6517760385208646,1526584231.243299
-25.105580263739853,-93.43591344112795,-32.94490358412113,-2.068957274302477,1526584231.292835
-27.779514382480137,-98.00330001440948,7.480602382898044,-1.0052223958891773,1526584231.324693
-26.450953823525435,-93.3941130006541,-37.99153694726551,-1.704816506896293,1526584231.350853
-28.90149583970789,-98.84378947746335,20.005668567735135,-0.8058372585976201,1526584231.378811
-31.446353390728607,-99.28022861952878,13.469772878670433,0.3673687108777415,1526584231.425816
-30.350186783906825,-100.06285588362064,19.260283154249368,-0.47948596903185603,1526584231.456864
-29.12671053075655,-101.12740705028773,15.75633291343754,-1.4078400738478365,1526584231.493088
-29.133084712864424,-101.82847877248469,16.48981585141623,-1.683288254614439,1526584231.520333
-30.541732687459575,-102.25454138483306,15.17602130014184,-1.080223248466666,1526584231.559755
-33.711382818086086,-95.44208505931178,-38.97651838282537,0.83469226631928,1526584231.583158
-34.62880666511809,-102.14215601914691,12.55706596510553,0.6993444347795332,1526584231.629976
-32.51858627548634,-103.1743753792536,14.476584336304706,-0.6949726804606087,1526584231.638779
-36.51014480091938,-102.80783439969598,16.749299847714234,1.3695515502336093,1526584231.680507
-36.41903706966873,-103.59409554554836,16.957710117598154,1.1248862466121352,1526584231.709226
-36.945970864784236,-95.99593743677984,-41.86460719800512,1.6509865193129372,1526584231.739761
-40.339104694738,-103.34511545152284,12.864635898351334,2.7881808079037,1526584231.780173
-38.11497133136764,-104.54001125764336,15.693592445305747,1.4346927329756625,1526584231.813462
-38.793641939454105,-104.75146108440012,20.152795392023805,1.7220969284059606,1526584231.841924
-39.13302667263036,-105.46747065460293,15.326284377596462,1.5379721662572763,1526584231.866854
-40.86043699411339,-105.12054522187773,16.55665258274573,2.349002864822779,1526584231.903811
-39.94566697718739,-106.4821799692021,14.57483069252274,1.6105753721028577,1526584231.95781
-43.808269294526575,-105.42707176442848,10.868516755302743,3.5488735271375447,1526584231.974933
-42.55504980531548,-106.42205275956549,15.837506907994378,2.777874938046182,1526584232.008994
-40.75371979129417,-107.49772070144239,13.345172259435152,1.5743736376858237,1526584232.04387
-43.67561451982036,-106.5979046768815,15.838322773973825,3.0834566852664977,1526584232.093045
-43.59791909954737,-107.3356131872809,7.986688104240524,2.7471293496971896,1526584232.115117
-41.078271627799886,-108.6167492713552,12.085905133741187,1.3452940902593866,1526584232.14462
-39.45848364650736,-109.27028762833747,19.226978994538218,0.5438655515528694,1526584232.203817
-40.04687127132061,-109.63579264520389,18.3436202849269,0.7313115903508844,1526584232.234022
-40.34896548852874,-109.2849309996409,22.56678942443119,0.9533554379649445,1526584232.266464
-41.23373378482896,-109.62531775734544,14.928867366021304,1.1178567827619759,1526584232.281798
-41.74243943140275,-109.93062931202141,15.526921314707256,1.324498491202803,1526584232.308531
-44.343471608226935,-109.13968561495295,16.204907185325105,2.6762191037196317,1526584232.343452
-42.531511438794496,-110.04821119182631,11.537596703234954,1.578729607583682,1526584232.378342
-40.57464982383536,-111.04371181235784,13.514903575964293,0.5542166628509619,1526584232.414337
-41.971230836904205,-110.30300819672385,18.55520483461677,1.3747990433376458,1526584232.444663
-42.84820962983449,-110.40722338863955,15.374852219032235,1.78218954705207,1526584232.493963
-42.694296632488,-110.49294445313122,15.197491024872058,1.700708118576756,1526584232.513429
-40.62560296756852,-111.45461284233347,18.16014628373459,0.6812540740267536,1526584232.544121
-40.0446474803163,-111.856204037555,13.297605591520568,0.2715784395111882,1526584232.590796
-42.34603018433725,-111.20368630992377,15.297959356148581,1.556789566741628,1526584232.612504
-40.18553243890185,-112.15847923266237,11.366118825763255,0.417471515437569,1526584232.644338
-41.81319913951601,-111.48353915822112,15.065564405245507,1.3823372894686372,1526584232.678667
-41.46628153897298,-111.66445681147606,14.857368067038667,1.2528346061333195,1526584232.729206
-39.56903833068996,-112.57622861575013,16.859671028726446,0.37447174615829226,1526584232.745133
-39.19076173807974,-112.76333547011274,16.762908743012737,0.2811124488939072,1526584232.777257
-37.30259017186378,-113.54477397027762,13.357902702046843,-0.7350400735215032,1526584232.817967
-38.395156305359,-113.20871833406912,11.864807350583613,-0.08020142423379184,1526584232.862347
-40.15478530318859,-112.32549971765943,10.024517327028937,0.8455413203765545,1526584232.885741
-39.50580454437333,-112.63135330491224,14.446748646927519,0.7995314856540006,1526584232.919321
-39.35280945168452,-112.58067018837214,18.120522997259478,0.8901260946398111,1526584232.960823
-37.65085308529615,-112.92005551491404,20.064590550314612,0.22864756368150552,1526584232.993715
-38.12424744036909,-112.67363109147574,9.240360482364824,0.23099734050657617,1526584233.02328
-36.675523745309405,-113.73334909558207,9.509626641270426,-0.25018609402215475,1526584233.049922
-37.090405593539074,-113.13723319393817,13.85862987941928,0.1903501056713992,1526584233.089921
-36.57441300556995,-113.35014369012873,13.746052066281413,0.07416836522975245,1526584233.131194
-37.0272682481397,-113.23096083334767,13.699206996090401,0.5058572855913042,1526584233.168175
-36.4736612081532,-113.45461338490996,13.559306324165952,0.3689471208363386,1526584233.199676
-34.54028682946304,-113.60525848878953,12.83908543638861,-0.44524369583746193,1526584233.230354
-38.97297094366718,-112.18048493426221,12.628487692349022,2.0060556244945644,1526584233.267174
-37.0560001806203,-112.39790701640031,5.986389773122376,1.034527614430914,1526584233.296072
-35.70607633351877,-113.03361296521831,11.142369565224623,0.6258456927440363,1526584233.319281
-34.236675891670785,-113.06298277367375,14.848727006911227,0.19888870865605668,1526584233.343451
-36.36001986398858,-112.18919322110946,12.073370200057964,1.4866796111830922,1526584233.39972
-35.41927489652689,-112.39996932762844,8.447771251333293,1.0560844414758321,1526584233.428019
-32.65324940581056,-112.82389077816153,5.759236297935171,-0.30914343248463183,1526584233.453372
-32.64686475536677,-112.36368143624006,6.44824019016175,-0.12919407207542122,1526584233.490407
-33.77114653225887,-112.42100873928646,7.77509421461137,0.8010148132277948,1526584233.526079
-31.290276325342326,-112.96325844226544,9.75491959137903,-0.22807237585899998,1526584233.558175
-31.019723773642315,-112.30295388816714,5.345477697165297,-0.31057535954616355,1526584233.582551
-31.538363646994924,-112.13684613024456,8.865414696714863,0.2175383833607043,1526584233.612862
-30.017036948542277,-111.66453010283702,0.08470987087122239,-0.4372672190747551,1526584233.654851
-27.258033731356846,-113.03594131396513,9.390460988202111,-1.4681855931183634,1526584233.689258
-26.58044849288903,-112.44888056768842,4.510971414889664,-1.5622130185460037,1526584233.719732
-20.561684457909298,-93.53183112579701,-63.79590794455065,-4.141702508989567,1526584233.748812
-25.577646191547814,-112.11464319590601,3.8120808424249244,-1.6730213112755052,1526584233.788569
-25.584937002856098,-111.62926928945426,4.596914827514425,-1.6122474721032347,1526584233.816783
-25.93158706218783,-111.50698222862344,6.590087396018296,-1.0032204807527307,1526584233.850283
-23.42440331475877,-111.52350271939922,3.553680688094131,-2.1688387902173076,1526584233.88122
-22.780926036512426,-111.26643640889414,-0.3911384748571294,-2.4993750921925084,1526584233.915747
-24.21351750837305,-111.42284207643422,7.073872555076363,-1.3426353703699192,1526584233.950363
-24.654832098828006,-109.81142300551465,-2.7803434578532116,-0.8845972477794533,1526584233.984549
-21.921395238030943,-110.31363948532176,-0.6301492139902578,-2.2147496412123076,1526584234.038525
-22.43600655301083,-108.91635553775279,-5.906342749750236,-1.7397148520027486,1526584234.066941
-19.981101639829415,-110.18565965125171,0.06689247899983819,-2.794303187750444,1526584234.098323
-19.922550218650038,-109.53969713435217,-0.7164696207774739,-2.566761186522882,1526584234.129272
-20.643137758434722,-109.46384511779486,2.1567108749108073,-2.0217280528379717,1526584234.160488
-22.76193968145478,-108.71501651966352,1.1119790224825756,-0.7822234717707204,1526584234.198722
-20.727279178360256,-108.31738822174789,-2.373943650961415,-1.7457233431510701,1526584234.219189
-16.587164898943932,-109.33900850035361,3.616292754228457,-3.6981573778844563,1526584234.257209
-16.851622738721076,-108.15263996147455,-1.1579083432850599,-3.4051313966863574,1526584234.297696
-19.08526353383979,-107.3958862171968,-2.364961120224546,-1.9847455405173946,1526584234.330326
-18.709264079057615,-107.47266000141671,-2.2764281503083286,-2.072584193882477,1526584234.362012
-16.11210308788809,-107.74948983822587,-0.3027108461560246,-3.4237509122867777,1526584234.417071
-18.55089017419488,-106.97993180429548,-1.5304442720670082,-1.9419492731780394,1526584234.457553
-17.41530829178647,-106.44586159819328,-2.3575472231459322,-2.222147442675322,1526584234.497537
-13.990387647470897,-106.74176032878208,-0.3148193399273307,-4.1044592351086635,1526584234.554206
-16.36840573035864,-106.01478203625103,-1.5290942505426113,-2.63708659199699,1526584234.597866
-15.648261406585318,-105.17526217446662,-5.290455002774031,-2.937817831381352,1526584234.625027
-14.167639523207773,-105.34649627354312,-5.096536017898686,-3.6999078471620805,1526584234.647452
-13.010784842782646,-105.53041050816496,-0.0963967720300829,-4.258070306189865,1526584234.701925
-17.571706524178907,-103.69786272704911,-6.790653966650298,-1.5004863752039341,1526584234.724518
-10.509597818397522,-105.66307854195743,1.9730716082014936,-5.478982050445865,1526584234.762455
-11.183160072117866,-104.22887719382939,-2.8818898332347,-5.047785118862521,1526584234.79005
-11.016883586570419,-104.23785974876311,-2.6518489381705557,-5.078117788091305,1526584234.81637
-12.429551565298581,-104.17879282916466,0.4419947548160259,-4.306988339863494,1526584234.848875
-12.470334073419643,-102.42594893399159,-8.009402507957759,-4.362978434617986,1526584234.877349
-11.660076562217027,-103.53697067753734,-1.6905642981572573,-4.746362310472591,1526584234.901651
-10.317059002363797,-104.1892491047288,2.8359370063258442,-5.450713140198161,1526584234.94178
-11.207285585073612,-102.72528721631478,-2.06245611981986,-4.953318258473729,1526584234.976102
-8.93930933887482,-102.84593318590015,0.21851046251650352,-6.20221001703942,1526584235.01348
-10.615307964703772,-102.11788989371647,-1.1363489492173393,-5.211994759193374,1526584235.035172
-10.680123558450235,-102.62350464181274,3.409143109734572,-5.296342568038199,1526584235.076808
-13.974823395465064,-100.09204217249088,-5.757118447087702,-3.4681544183144695,1526584235.158162
-3.76381483946979,-84.20596238569887,-55.216563804379774,-9.627338612207353,1526584235.200173
-7.744400425940958,-99.4702153627799,-7.177369324568851,-7.250378309578878,1526584235.224726
-9.515747895594352,-101.03933596943267,2.1381246108736303,-6.352438635506843,1526584235.249452
-13.626639204537943,-100.04821203353677,0.6346159339370239,-3.9964669294386113,1526584235.271644
-10.528452163573752,-99.59757886745166,-1.4844516723334795,-5.964469931805098,1526584235.328694
-10.87336191941067,-99.2875845168374,-2.735554175248037,-5.871104693007425,1526584235.345868
-8.311218958475076,-100.16517897482713,6.0438188290279395,-7.368572209194269,1526584235.373362
-12.364808456590247,-97.12429584783608,-9.053366683797707,-5.224685826460615,1526584235.402509
-15.33393557443462,-98.05910654760311,-3.487672587487241,-3.5673718489755117,1526584235.445251
-11.978741386873754,-98.919539562633,4.138435710586588,-5.692934340500869,1526584235.48885
-12.403966306872038,-98.81637290412318,4.460910917324281,-5.584735796108731,1526584235.506224
-13.941898429899284,-98.04873205807425,-0.10688856250612666,-4.787716597572739,1526584235.527879
-14.396737083391843,-96.74725747859978,-7.703520262627735,-4.757601027435612,1526584235.565758
-11.289347123888676,-98.16609559589214,3.4630562460127656,-6.777215797354842,1526584235.59741
-12.5374362908544,-97.0950896440973,-3.5691318719038136,-6.131988657259711,1526584235.629461
-16.052698846742416,-85.90009407008979,-42.325874296620974,-4.051427471292072,1526584235.662342
-12.758444193432313,-97.83541277463159,4.545132938465596,-6.413613603523288,1526584235.702462
-17.509814965378574,-86.33362536485973,-40.692803603561885,-3.538484538371563,1526584235.732386
-14.531512769857237,-96.76650976753515,5.729877421770587,-5.677013025972002,1526584235.770708
-13.712433275363155,-96.67371070836853,4.735082557286578,-6.3727667430497945,1526584235.815037
-11.698487747850178,-97.07476144286461,2.5833966045179686,-7.864777172861807,1526584235.844988
-14.821410555573454,-96.38501661505173,5.615837463357931,-6.083691811233933,1526584235.87682
-21.627835558756104,-85.5755121911969,-40.08566262868176,-1.7048371940016978,1526584235.905796
-14.291736946574625,-96.11466007161664,9.786446217473936,-6.736251262911054,1526584235.94893
-17.270325363284492,-95.15028745515909,12.753855273078583,-5.1544479989156,1526584235.980706
-13.643001125302254,-95.82348798738009,5.884902874813124,-7.668032907349016,1526584236.011873
-16.23425245347767,-95.50511332671331,11.496322154847617,-6.175244889431156,1526584236.039899
-14.265044686181954,-96.09816482746437,10.1170942010626,-7.631604303527467,1526584236.088039
-23.69515680675698,-87.71093314824861,-33.15467034712425,-1.8434690418383184,1526584236.115848
-15.564000570770418,-95.66249905696012,11.553487246871644,-7.229730542080432,1526584236.143658
-15.4010351697576,-95.01970965023706,21.043773715221636,-7.382026100796878,1526584236.189167
-12.497510509568098,-95.22814873276371,6.344416363104558,-9.610216011001455,1526584236.234747
-15.021833136882458,-94.9828829892729,17.345078275167765,-8.1301102196133,1526584236.259398
-32.96522424914008,-85.89023298939851,-32.829673837672075,3.2307984607627986,1526584236.286477
-30.70565268871844,-87.28178203956739,-28.288454537774005,1.335030454401732,1526584236.307033
-17.332238274463858,-93.79796556423439,16.91735243517929,-7.417056118139641,1526584236.352505
-34.66994602741554,-87.75517778602386,-18.305931922481633,3.322395176970815,1526584236.385747
-22.86419988048732,-91.14787954226173,28.74961139400663,-4.153933997977333,1526584236.408972
-34.66590089799962,-89.69717839063911,-12.892301518236815,2.386392742801803,1526584236.503179
-22.437593778725564,-91.64037920762473,28.94051550116035,-5.5755303695117675,1526584236.603792
-21.669543753911036,-92.81935024794629,22.88080528607702,-6.317856636029603,1526584236.639046
-37.37791783910221,-90.56239301462237,0.07648621860757387,3.090054756065797,1526584236.704052
-39.12795021254911,-90.39080974369357,-15.404869227414608,4.280670048233901,1526584236.742367
-26.761056017991617,-89.68260552507395,34.083350299882945,-3.498478203504874,1526584236.779826
-38.81873081650275,-91.94876865569596,-13.34794043401866,3.7257296497636503,1526584236.810062
-41.03114582488845,-91.13781365134142,-5.197544665519971,4.961517583036681,1526584236.840253
-48.908487413717644,-86.74633864871035,7.725568788956676,9.99810455788051,1526584236.871817
-27.982989642886462,-87.95786778956912,40.51738963733789,-2.9160078120618778,1526584236.907608
-43.77483156948637,-90.47233799119738,5.8354269268797845,6.358784625157114,1526584236.937741
-45.15018503865826,-89.08129230510966,14.280536570640233,7.295666814650872,1526584236.968999
-35.38992818307116,-95.45458581900265,0.46944748053475926,1.2327966300980506,1526584237.008709
-38.9565272130863,-95.15449888497997,-2.41178193249425,3.3443768808191123,1526584237.042187
-26.520229367802727,-87.13434696820798,46.6401276957423,-3.9165776485250205,1526584237.076808
-27.014910198669607,-86.26911844604305,48.14000815740661,-3.5786203033643176,1526584237.117061
-28.07481142109179,-86.27377368714374,48.952705827372306,-2.764559158187012,1526584237.158988
-29.092431951561373,-85.52110083844636,49.82044082979077,-2.208128046684834,1526584237.190452
-35.39573514676966,-97.64148274698059,5.5659503455582175,1.2834282167765991,1526584237.214753
-28.34869967507492,-86.20062910819382,49.8361822502796,-2.9193164713652777,1526584237.24618
-36.648018596409685,-97.18557521042445,9.569171955883633,1.7201532640894186,1526584237.278874
-30.40745889697917,-84.46204329334896,51.8166084648486,-1.6317252332492274,1526584237.307185
-30.350777718249738,-97.34533925721321,20.506116534656385,-1.990186432358854,1526584237.3405
-32.995018298527235,-97.43324057639656,19.02984702040719,-0.29406373674063957,1526584237.386664
-31.489542435241635,-97.89398361272721,19.74783425662647,-1.1268704035364294,1526584237.41317
-27.53779725979407,-100.76312343065821,15.813857260808518,-3.3578337388383375,1526584237.446993
-25.99404164654883,-97.9740584282423,27.622048769583447,-4.199276691727476,1526584237.476744
-27.844559429702073,-101.50099365996554,15.090963251880606,-2.911764260494351,1526584237.519316
-27.47455253380154,-100.74048931718318,17.383434323014814,-3.2334476249394584,1526584237.555533
-22.365187895364024,-104.01459612489312,8.708468940754754,-5.876671729043608,1526584237.620711
-19.99381584170949,-83.24308846154264,51.7831700168487,-5.459203312602767,1526584241.539744
-29.65784388659011,-96.20607380754451,0.8588451457165931,0.2688458914886098,1526584241.578011
-26.498645174109726,-96.90811395433123,3.355912927986463,-1.5702649773388941,1526584241.615528
-15.055183363272912,-87.10956983530313,43.144972516047545,-8.177266233225481,1526584241.715095
-14.689613505035334,-87.40881708009248,42.51695266404037,-8.331276480943643,1526584241.74661
-25.51076398639614,-95.24517034216862,0.3387155383634397,-1.5598196383665481,1526584241.775708
-26.698331188701758,-94.79904258846791,-1.1373624403904632,-0.7735762232146044,1526584241.839652
-22.863925120864984,-95.57050165662878,-4.399778476020675,-2.9827597366262637,1526584241.873923
-20.09283831589232,-83.19607054865831,46.8997600835692,-4.437009230316903,1526584241.916109
-23.02667247249515,-93.88084467056575,0.5249236153651324,-2.9050004658011233,1526584241.943623
-28.64422240289166,-92.54043938820288,-0.8613904116670668,0.7887683508041334,1526584241.982235
-17.6826986376421,-85.17000962035814,40.3337039404216,-5.717191682073974,1526584242.017606
-17.782678771738492,-85.4159719961817,39.70962847236498,-5.657158457722289,1526584242.050787
-19.958912667994372,-83.585148427379,42.1344718623952,-4.030139935330709,1526584242.084187
-19.681236506033073,-83.71662874608539,41.948324287242556,-4.131426871133357,1526584242.114422
-21.538997033607988,-92.27885085451554,-1.4963450716794977,-3.2153262510859406,1526584242.151502
-23.816360547448923,-91.80555064004245,1.5048097730551273,-1.594397283030787,1526584242.183391
-23.64401893921139,-91.86405370625225,0.9922060339339023,-1.699942432046555,1526584242.218107
-15.726748520588673,-84.2584496681372,38.637226973069005,-6.4146705870572305,1526584242.25246
-20.189116891574635,-92.50364590229593,-2.2367825306694886,-3.5790443380123804,1526584242.28574
-18.158994314754896,-82.48841441245648,41.0539149414972,-4.596493665400146,1526584242.314017
-18.358741130985923,-84.0540226753588,35.89217021483451,-4.394457499364762,1526584242.343432
-19.379896616904826,-90.89276340412017,-2.072832345011836,-3.792370382646709,1526584242.385754
-27.12299306603642,-85.98971600822915,17.07102311294132,1.4240839481763317,1526584242.4155
-26.29760570446375,-83.17378110431996,27.551848278944647,1.1443053391160163,1526584242.441297
-18.407605728075286,-91.12904318819363,-1.8272743943952907,-4.086280550417229,1526584242.486795
-19.508968348297085,-88.9605348077813,6.246984736432688,-3.449272295136865,1526584242.519605
-13.743560357049851,-82.12557370786016,39.924469215352616,-6.953394841091381,1526584242.545331
-14.033006097423508,-80.55029311122406,41.18233203563566,-6.573473711090486,1526584242.582061
-24.613625500333818,-81.00374198109111,29.672734856691953,0.6488254108413685,1526584242.619823
-14.782182638619654,-81.25593427705658,37.03383429847675,-5.963236187527684,1526584242.653609
-14.605986156511113,-81.07613927172015,37.591510722103145,-5.99211837634823,1526584242.686179
-11.20864984196989,-77.80299668075813,45.51740783758189,-8.313883203784627,1526584242.717607
-21.09315103236273,-86.64391946030113,11.835088166112612,-1.6628891915202928,1526584242.752647
-17.07132859924602,-87.57264447867816,9.323204910984412,-4.206754063999114,1526584242.781888
-10.764752660443625,-80.27047826775939,37.289793554122014,-8.480869730261873,1526584242.813593
-22.8543106403681,-82.47110910218298,22.078099979461907,-0.1541366510926423,1526584242.852881
-10.5232787765457,-79.71628094866756,38.84106646939699,-8.477722066760577,1526584242.878757
-27.967303567179368,-80.89000310474563,22.525063527845067,3.6066545552754405,1526584242.914794
-23.133478044025676,-84.14130590533493,15.798183584270605,0.06660168634306274,1526584242.947317
-26.089075897669428,-84.7113915075219,11.999235753750908,2.1727288914995597,1526584243.001503
-22.726866909745375,-85.25159732755314,11.73161169011755,-0.21864670624628957,1526584243.029879
-3.398691156281682,-77.52231695466044,43.18877431014604,-13.515765383445796,1526584243.087354
-29.164568733963588,-81.40775148071056,21.23119574921185,4.737629348247594,1526584243.149722
-4.565656045645065,-72.95156819745517,51.44910370774141,-12.920351549512816,1526584243.213637
-24.954187824461297,-82.67881187899864,21.010638621248805,1.5349949984965576,1526584243.281559
-29.00045871897753,-81.96490999923529,22.67206053833354,4.620779678643743,1526584243.31836
-27.753325652602552,-80.77886571876391,28.190093558959735,3.9276836811444014,1526584243.355756
-31.800558779574512,-79.93718819378985,27.999753730077714,6.499489518848577,1526584243.450545
-3.8498808116563707,-65.48706643216971,61.477170622241175,-14.400502870289586,1526584243.520992
-25.50504135278327,-79.34118738534885,32.27477942933958,2.0540281002934933,1526584243.590385
